year,grade,sub,group,Alabama,Alaska,Arizona,Arkansas,California,Colorado,Connecticut,Delaware,District_of_Columbia,Florida,Georgia,Hawaii,Idaho,Illinois,Indiana,Iowa,Kansas,Kentucky,Louisiana,Maine,Maryland,Massachusetts,Michigan,Minnesota,Mississippi,Missouri,Montana,Nebraska,Nevada,New_Hampshire,New_Jersey,New_Mexico,New_York,North_Carolina,North_Dakota,Ohio,Oklahoma,Oregon,Pennsylvania,Rhode_Island,South_Carolina,South_Dakota,Tennessee,Texas,Utah,Vermont,Virginia,Washington,West_Virginia,Wisconsin,Wyoming
1992,4,"math","blk",1.087271,9999,.94700277,1.0757381,1.1398649,1.0025206,1.4706609,1.075799,1.9687431,1.2145419,1.1641767,.57643259,9999,9999,1.1315335,1.2519175,9999,.60345852,1.1435509,9999,1.1166466,1.3348231,1.448177,1.2546124,1.0846303,1.1746804,9999,1.3878696,9999,9999,1.4756297,.82250768,1.1259148,1.0755557,9999,.97422183,.92830122,9999,1.3268626,1.0461341,1.1481454,9999,.96600807,1.117578,9999,9999,1.0608846,9999,.50172174,1.3978043,1.0711726
1996,4,"math","blk",1.1574454,.94938469,1.1643027,1.1743342,1.2811673,1.2302351,1.289904,1.1022009,2.1857102,1.223671,.82022423,.61610305,9999,9999,1.1100484,.98176175,9999,.72860128,1.1111286,9999,1.1683897,1.0323426,1.2465769,1.3643796,1.0576065,1.1731912,9999,1.1899706,1.0544741,9999,1.3733971,.80797452,1.0533297,1.112389,.51997298,1.0808956,.9731155,.24967748,1.3689005,1.1021866,1.0008976,9999,1.0055356,1.1031885,9999,.41234416,1.0117017,.93495524,.70516413,1.4122869,.67340088
2000,4,"math","blk",.97493953,.86266215,.9189117,1.057261,1.2778785,1.0911415,1.2778908,1.0318467,2.1876163,1.1584091,.96234047,.7644763,9999,1.2811202,.9649986,.81537586,1.2330171,.96430343,1.016712,.58559418,1.2169462,1.1842152,1.4283682,1.068545,1.049843,1.2874192,9999,1.2423501,.73269904,9999,1.273162,.85231143,1.1578709,.94269657,.258946,1.1875694,1.0179298,.88078171,1.2680868,1.1554545,1.1461725,9999,.99853021,.95575362,.65832335,.53049848,1.1787205,.8270101,.83996141,1.3653055,.63681272
2003,4,"math","blk",.97913945,.79762024,.95556599,1.2128129,1.0370263,.98682129,1.3312756,.97908103,2.3016534,1.1094627,.91113937,.5948261,.6310147,1.295399,1.1116223,1.054998,1.1051959,.63134408,1.2100275,.69441885,1.013988,1.0716833,1.3614945,1.0223535,1.0303797,.99492472,9999,1.2250168,.83177936,.64941263,1.1979856,.80972481,1.0908574,1.1362369,.79815406,1.0744691,.99676144,.59247094,1.1924765,1.1059142,.96585566,.91033769,1.0411912,.94878513,.72756135,.61911422,.9644326,.74605125,.40546694,1.3300694,.6093716
2005,4,"math","blk",.9233343,.6944738,.93884212,1.0780798,1.0664835,.91680485,1.3072387,1.0156851,2.4025443,.92414045,.90279102,.79695249,.45574665,1.2422076,.97271276,.75108576,.80528599,.65378624,.95629525,.38099253,1.1228902,1.0652595,1.3375766,1.1973897,.99545741,.99549919,.72640568,1.2848229,.97396785,.32365066,1.0598733,.98941177,1.0473334,1.0333754,.60028028,1.0591823,.9102425,.80772972,1.0775933,1.1257195,1.1139464,.55799019,.9628216,1.1443805,.55238712,.44170633,.97268313,.62054724,.21557482,1.4408454,.04627479
2007,4,"math","blk",.9505651,.7870571,1.0048994,1.0787793,1.0246046,.93431103,1.2251532,.90129119,1.7395861,1.0809302,.9760043,.50119668,.47114938,1.2733893,1.0413786,.80764174,1.0147961,.70976776,.85023904,.78023916,1.0699413,1.0390537,1.060168,1.1445701,.94758481,1.0437192,.30900067,1.2332879,.87193984,.85176015,.95566934,.80032784,1.0565119,1.1353171,.90110856,1.0065374,.92329562,.7565977,.98386222,.84064525,1.0122253,.9970445,1.0537573,.99058914,.54009676,.67725676,.97104013,.9527939,.52531707,1.4228442,.55585271
2009,4,"math","blk",.98356307,.93119425,.750287,1.0643675,1.0893787,.94076085,1.2325292,.97930104,2.1623442,.92001283,.99158937,.47351053,.65378267,1.2229062,1.0347784,.81837982,1.053741,.7951026,.97489947,.55826831,1.0430293,.9413951,1.147923,.99857455,1.0644941,.85401791,.10470791,1.2299142,1.0687509,.58453298,1.1523147,.78035045,.90305245,1.1167819,.99789792,1.0994304,.81198102,.70917022,1.0132236,.97060353,.94507319,.92295909,1.0293397,1.0027231,.89193392,.74392253,1.0549456,.69814795,.32998869,1.2590289,.63779014
2011,4,"math","blk",1.0007609,.90443683,.75805521,.94706023,1.0112792,1.0813905,1.2750955,.96669698,2.0942593,.95266938,.95658982,.53375804,.65244991,1.0822667,1.0324662,.83480221,1.0188049,.68194258,.91147357,1.2335331,1.0811598,.99677002,1.1694156,1.0893301,.95075864,1.0829684,.52327329,1.3223034,.75361109,.75667638,1.0687525,.78161734,.84774846,1.080699,.96381128,.90328133,.836716,.952748,1.0586227,.88339674,1.1033608,.76001889,.81535286,.92672509,.86548805,.8293308,.92641282,.83367085,.28388786,1.3014987,.47955942
2013,4,"math","blk",1.0383456,.78716284,.79226297,.88389033,.96404713,1.0575606,1.3088042,.93793917,1.9741911,.91342449,.87321883,.70412529,9999,.97147644,.9484033,1.1039562,.85910267,.737432,.85746711,.71820831,1.143916,1.0500646,1.1216846,.95288694,.94152564,.95684028,9999,1.2898211,.86419988,9999,.95194739,.68622887,.91221392,.94281709,.39778233,1.1147215,.99921316,.85832745,.90910465,.94784123,.93289554,1.0190508,.92940807,.97758818,9999,9999,.89198238,.72363043,.33990246,1.289542,9999
1992,4,"math","hsp",9999,9999,.80535203,9999,.93239748,.8087101,1.2609946,1.4119455,1.8404169,.60794276,1.0024729,.58249736,.90294582,9999,.64641303,.51935267,9999,9999,.63796532,9999,.72248441,1.298633,.66230506,.74249291,9999,9999,9999,.86131263,9999,9999,1.2239813,.77691644,1.0898761,.26640806,9999,.44311246,.65742952,9999,1.0779614,1.2835292,9999,9999,9999,.80931145,.67456526,9999,.42769384,9999,9999,.89249086,.45616746
1996,4,"math","hsp",9999,.71232778,.97308075,9999,.97725976,.82146865,1.3525091,1.1015791,1.630739,.62946081,.70484781,.50785404,.86006752,9999,.87963885,.79076385,9999,9999,.66175234,9999,.6233508,1.0401989,.87703985,.81893998,9999,.23824088,.41661677,1.0549161,.75276989,9999,1.1940565,.81618369,1.0609028,.95581394,.54549247,.35403167,.62733769,1.0117018,1.121621,1.2246364,9999,9999,9999,.91169322,.86613566,9999,.56829333,.83743578,9999,.84617311,.62069303
2000,4,"math","hsp",.77620786,.59893948,.87778282,.6162557,.99112868,.9203627,1.249732,.92692264,1.6298813,.51527507,.58572292,.70287818,.81718922,.81967938,.54399073,.8619408,.81101167,9999,.43047199,9999,.78572726,1.2296542,.97504669,1.1066641,9999,.37519899,1.0449493,.9494347,.68567276,9999,1.0432739,.69611901,1.2602792,.62315482,.7963106,.26495087,.59724587,.77836877,1.074708,1.3281766,.34390441,9999,.1641252,.7864033,.89668471,9999,.62370259,.77039782,9999,.85929849,.69971204
2003,4,"math","hsp",.62218028,.51389825,.93285793,.6199224,1.0444884,.99453324,1.0174892,.79593033,2.114536,.42963576,.80125731,.6758033,.83393443,.98132509,.62683749,.80993181,.66894907,.22726843,.33312163,9999,.59199631,1.0472081,.83031189,.99102247,9999,.90028447,.14710166,1.1314633,.81100786,.7375766,.93018687,.81750363,.9856627,.64680254,.9894563,.82058561,.62858397,.80122411,1.0395232,1.1809695,.53238618,.68008757,.70243204,.74530101,.87115848,.07952207,.65538937,.72011936,9999,.86914253,.60380578
2005,4,"math","hsp",.8603791,.62575531,.89367813,.51321858,.95880622,.9158408,1.0824912,.89004505,2.0227392,.54843223,.55455106,.67721623,.79283601,.9628709,.62107682,.77344322,.61192191,.64743727,.23006819,9999,.6911788,1.1722521,.8246485,1.1145772,.49038684,.78227937,.37419379,1.0657663,.78706992,.84004289,.84450942,.74299949,.88464105,.68210906,.52054751,.7715345,.5794335,.94579357,.98415095,1.1063483,.59458894,.8340506,.33843526,.83216161,.89520782,.25989813,.67493737,.86511898,9999,.94179434,.38342524
2007,4,"math","hsp",.72337526,.60116076,.98317915,.61295503,1.0438776,.92960155,1.1127521,.70129204,1.3746872,.52608365,.66736269,.69933856,.80090606,.92203736,.64909017,.59052747,.73449951,.62999409,.25441819,.6886577,.69312382,1.1355615,.52132142,.91018915,.60994667,.44743335,.21944484,.89578837,.77015972,.70089775,.85514325,.79155564,.82554257,.71933967,.60394949,.72419298,.58815479,.90134054,.68506712,.82192123,.74717098,.71179605,.687581,.74103814,.90256119,.44027418,.66294914,.88688445,.4094283,.78885329,.68178988
2009,4,"math","hsp",.67071384,.63595545,.83432692,.50523174,1.0191284,.86770439,1.0704485,.76736689,1.5931547,.51775867,.60696214,.57132375,.76203686,.82379168,.67095888,.87030768,.77989763,.51609749,.41365749,.23237781,.69025695,1.0762441,.62027049,.86306596,.46338806,.28036648,.26681283,.86718869,.73793948,.72029883,.99030358,.81002414,.67549759,.75885797,.57609916,.71449208,.51961076,.81188208,.8312692,1.0358472,.48109895,.53034437,.51532269,.89221144,.96404868,.61589745,.69640017,.77675509,.28116545,.84407598,.57316673
2011,4,"math","hsp",.55054957,.34423694,.74598056,.45544118,1.104308,.8821522,1.1347684,.76784629,1.78693,.54804283,.58521014,.39650452,.79848975,.8349632,.54001701,.65533108,.73951519,.26775289,.51916748,.56962031,.49202463,.89172423,.5492655,.88529694,.44155872,.59880543,.45202535,.82514715,.68930387,.7018376,.91575551,.70096904,.73180228,.66152966,.69736433,.67411685,.6445213,.82869232,.98491645,.90853584,.60296595,.82297081,.43369648,.79892349,.9151907,.79152071,.57338351,.83034611,.04675953,.90739459,.43887642
2013,4,"math","hsp",.51690054,.52346766,.68734807,.43751389,.90866226,.84747964,1.101795,.72485352,1.7410975,.46680158,.53080964,.39944887,.69643152,.64755148,.40895712,.55782557,.58151656,.36494705,.40740639,9999,.8382504,.9265191,.60839421,.87274808,.48793691,.44167086,.42929727,.89159453,.57103205,.69767189,.76004159,.56184226,.72186303,.60754192,.51065117,.55091071,.64446765,.70804304,.74925423,.85158145,.64938194,.89118779,.66752636,.79696304,.95682478,9999,.6001147,.8001008,9999,.89598352,.5830276
1992,4,"read","blk",.9222464,9999,.65440679,.90866196,.92340797,.6726284,1.186247,.83587247,1.8382773,.98399627,.85532725,.2035235,9999,9999,.82721919,.61432385,9999,.58264351,.85576427,9999,.85661435,.92082459,1.141379,1.0507476,.98284096,.96987569,9999,.96123296,9999,9999,1.1793292,.67194891,.86465961,.77690709,9999,.74760884,.80142641,9999,1.1565951,.9901855,.86646438,9999,.83305639,.82757616,9999,9999,.85896939,9999,.56328261,.98194188,9999
1994,4,"read","blk",.93931645,9999,.78234559,.99889898,.82761312,.80924278,1.2313436,.8167066,1.8469348,.99714255,.9634549,.56738186,9999,9999,.9245463,1.02226,9999,.68425095,1.1035883,9999,.93684351,.97817451,1.1421881,.92370558,.97747999,.84046024,9999,.91074222,9999,.08553897,1.060761,.68144429,1.0182455,.87630689,.61707294,.78499418,.85822209,9999,1.2685313,.82568926,1.0810707,9999,.87986761,.98296374,9999,9999,1.0016624,.54817361,.37364861,.93682212,.42208084
1998,4,"read","blk",.89512002,9999,.80567259,1.00881,.81698227,.89126199,1.2026647,.63692999,1.8642498,.92173624,.9366861,.34357241,9999,9999,.84537986,.90168005,9999,.69587159,1.257406,.35740235,1.0318357,.92612779,1.1438063,1.0486858,.83979481,.96384895,9999,.68404247,.74227083,.25955755,1.0642232,.8588348,1.0431716,.8906526,.30864624,.85976487,.97181344,.77021575,1.1645957,1.0613986,.90179163,9999,.83643156,1.2002205,.82316065,9999,.76398128,.5821209,.78465521,1.2253754,.8517952
2002,4,"read","blk",.89697593,9999,.61138141,.9930203,.83828574,.76890467,1.0159284,.78488666,1.8077487,.92893922,.78143591,.24492161,.23815562,9999,.76621342,.56475061,.62707341,.72835433,.94622767,.06879528,.97419232,.96021175,.96238029,.88179255,.88079345,.84863985,9999,.45734271,.66120887,.41041604,1.0676855,.53453851,.96647334,.97709507,.00021953,.93453556,.96097243,.68204933,1.0606601,.68559235,.88165057,9999,.79748118,1.0148776,.14028993,.25908113,.93172413,.45176661,.40681526,.8685462,.45119786
2003,4,"read","blk",.85390311,.51641035,.75630605,.94238818,.84175026,.73831534,1.1714735,.82700592,1.9181776,.90949672,.78906411,.30481064,.50026488,.99506956,.82166421,.99000382,.79736704,.58216852,1.0141803,.10997432,.91317171,.9124161,1.194152,.96428931,.91193706,.73501891,9999,.63376129,.69609094,.44813067,1.0685511,.56483841,1.0353642,.92689437,.54979628,.73195308,.70592016,.52670205,1.0695388,.80842388,.86123478,.42899987,.8949796,.7636047,.38949507,-.06780387,.79589236,.41928816,.5415163,.7793389,.29500487
2005,4,"read","blk",.90710223,.40131229,.87967831,.96305448,.87387216,.80851358,1.0373355,.90972978,1.9704835,.82316065,.83552188,.51186454,.3252148,1.1213274,.76382911,.73488647,.86915499,.56571931,.91596371,.06318991,.99889064,.87963533,1.0600483,1.0999777,.92618483,.78734326,.46168038,1.0443043,.78058952,.26978692,.98284984,.51239812,.81983757,.81920874,.00642647,1.0468955,.68654215,.65725523,.86442125,.74213845,.80152452,1.1310269,.78828305,.85642469,.61511534,.18594493,.88843739,.52241319,.39343059,1.0265476,.85022396
2007,4,"read","blk",.78229773,.63627648,.49898002,.99329907,.81800699,.76835006,1.0673562,.74864471,2.0465307,.81872338,.85052717,.44549897,.21799439,.86897653,.79082906,.65535444,.69652337,.66292417,.78739363,.14401531,.89823157,1.0058025,.90565729,.97571594,.89898199,.8394087,.22702196,1.0465825,.62488174,.48832396,.83209401,.66635174,.82956195,.8415823,.42188576,.9192732,.6814037,.772677,.99911034,.92384785,.80391705,.35031754,.9983533,.83833969,.68209296,.53497553,.71633226,.63000792,.42068043,1.0952429,.39365333
2009,4,"read","blk",.74628824,.72093731,.5299294,.75092459,.8347562,.70498556,.88807207,.78336918,1.8736649,.76319522,.78240389,.60191226,.74580735,1.0058846,.67278802,.53135121,.62196332,.81203794,.7264083,.69938779,.84618276,.86035126,.95824105,1.0155799,.85688698,.75681406,.65439731,.70819664,.62508798,.40116909,.8994571,.59395075,.7816025,.82247984,.26956198,.89094615,.81270736,.59992874,.88878864,.73555923,.81532985,.44553149,.83749211,.66236854,.68871951,.39867729,.78886968,.59625351,.35109285,1.0548421,-.02535552
2011,4,"read","blk",.82373714,.49334031,.59450299,.85110676,.62158191,.90227079,1.1156477,.66751391,1.7377714,.88424271,.72586554,.33725303,.58262777,.96686137,.75757658,.94372344,.74585062,.54648721,.78603768,.82116985,.92527026,.96651649,1.0468374,.86237806,.67618656,.77283257,.21173033,.88478994,.65231425,.51293302,.78577548,.55749273,.76538581,.85096806,.26665485,.8618378,.66726297,.53787977,.86985803,.61659825,.78644276,.62150514,.6987865,.7542547,.77889705,.5682112,.8076973,.60788542,.50238007,.90290976,.36081815
2013,4,"read","blk",.72119319,.67824739,.63020444,.70433068,.90818572,.9684208,1.0119303,.68456602,1.7422204,.79229194,.70226347,.22892079,9999,.88987255,.66425914,.74752504,.80840015,.67919463,.74864626,.92516196,1.0108353,.96783924,.79603767,.71037304,.75895584,.82313597,9999,.75667149,.72087026,.58969986,.81477571,.38654944,.67805785,.69189656,.51075834,1.0398967,.63700396,.69435829,.71635938,.8106342,.68824166,.6175189,.72529328,.7552551,9999,9999,.74230999,.56867599,.3302173,.99329746,9999
1992,4,"read","hsp",9999,9999,.73055029,9999,1.01736,.65055764,1.3765042,1.0601897,1.6831526,.47486934,.98185009,.57715988,.79255068,9999,.71815354,.48260507,9999,9999,9999,9999,.69175529,1.190767,.72856933,.88382548,9999,9999,9999,.56801599,9999,9999,1.2542213,.70542365,1.1856713,9999,9999,.45674503,.61253047,9999,1.1141531,1.2630934,9999,9999,9999,.76381338,.68949306,9999,.47220087,9999,9999,.58156461,.64845759
1994,4,"read","hsp",9999,9999,.76928061,9999,1.0579909,.83988267,1.2876288,.72631514,1.6744006,.64760935,.68990892,.69979686,.80415176,9999,.62541187,.31082869,9999,9999,.20792985,9999,.46318287,1.3354713,.72074236,.67779374,9999,9999,.37614328,.59180641,9999,9999,.99237782,.6132279,.90428632,.56962138,.28157204,.51936359,.5829127,9999,.98751098,.85253865,.55105364,9999,9999,.83211815,.64885998,9999,.37767681,.82410842,9999,.87074578,.51593888
1998,4,"read","hsp",9999,9999,1.0133066,.5689469,.97425938,.82079482,1.2308753,.54507065,1.6568966,.49406758,.47438049,.48994905,.82735392,9999,.4986513,.56182659,9999,9999,.59990132,9999,.5223794,1.1083764,.70508844,.73221338,9999,.36401889,.91791284,.57131711,.60869002,9999,.88974598,.68775725,1.1177019,.67433244,.40238449,.64460073,.52367717,.91197246,.91796809,1.3913409,.50392789,9999,-.14159229,.8647387,.97265553,9999,.76274824,.7383303,9999,.68632406,.42321372
2002,4,"read","hsp",.85595751,9999,.82685471,.57295752,.93792057,.80241647,1.0728159,.71181816,1.6620924,.53371221,.74359959,-.16304135,.85055608,9999,.37189072,.71572155,.63593131,.36191165,.19594918,9999,.82554436,1.0977798,.69968575,.78987229,9999,.43317199,.34519857,.5508278,.67685306,9999,.78711415,.57919133,.96669114,.73174924,.52319694,.76983786,.67817855,.76041478,.84842521,.89649874,.81766731,9999,.92304856,.77318305,.70890087,9999,.30170992,.68271613,9999,.5204163,.56236148
2003,4,"read","hsp",.53665942,.53477019,.8325305,.56896222,.92968529,.79782188,.91435939,.7665171,1.7981844,.51561612,.67291039,.45506662,.71205086,.84161526,.33080766,.67183387,.52917945,.29475546,.14138989,.16575323,.62931156,1.0051321,.73740679,.92250586,.58695978,.32348087,.53910291,.70373344,.71457893,.74968773,.76145619,.70722932,.88239527,.57446581,.59084922,.62172008,.61694282,.64558411,1.0195677,.81883806,.62360954,.73982882,.41194794,.67138213,.87960947,.1063244,.66687119,.71961796,9999,.47893935,.35587439
2005,4,"read","hsp",.34057564,.49004161,.84915555,.4198539,.93670934,.83146107,.95093513,.67622149,1.6965039,.40670681,.71083999,.34187981,.84706867,.91059166,.55164427,.67650187,.68093735,-.04187893,.266509,.31314787,.69608849,1.1777816,.60069138,.75487018,.28692195,.50190789,.02326175,.83093768,.70410401,.42906183,.78914219,.75202262,.7718702,.6917128,.71343744,.52894139,.48541385,.84689838,.75105739,.90140224,.27681628,.92491025,.69753516,.72834915,.80317724,.13790828,.50773907,.80138588,9999,.56955099,.68423599
2007,4,"read","hsp",.75543499,.65657061,.7486499,.68707782,.93638468,.92472142,1.0387801,.54909849,1.7087365,.45348585,.58519852,.57841736,.73578686,.71860582,.5888465,.61681163,.65343106,.35660577,.19293807,.43243521,.73856145,1.0621358,.5299198,.86096728,.52542418,.42152742,.31248534,.82175308,.74049371,.63188189,.77743649,.70531303,.83162099,.67332101,.51549315,.63379908,.69745678,.8854847,.95607245,.84845871,.57096457,.62694407,.45708206,.67488855,.7582646,.16949217,.56925255,.67591363,-.07265064,.69926202,.56074739
2009,4,"read","hsp",.70421594,.33176392,.77387553,.63632983,.94627774,.95257229,1.0454887,.64497966,1.5383493,.35242477,.62173504,.32330889,.73737365,.82903773,.71113062,.49141636,.61754453,.45778871,.43686116,.22947714,.48228955,.97966999,.57183778,1.0036699,.41912237,.36645442,.33341223,.62539279,.65062326,.36274517,.86205781,.67045337,.68085957,.75330186,.47333422,.45174065,.51093084,.76144212,.89527595,.89433765,.62450528,.30637676,.61597455,.74650198,.9457081,.36829776,.59714466,.84099185,.20386079,.74409378,.40393734
2011,4,"read","hsp",.76304239,.31293702,.65005547,.57378978,.91817051,.94774956,1.0314671,.69818401,1.4434606,.49095699,.49704334,.48459521,.7171768,.78388488,.64460641,.68909627,.61345434,.11599504,.38092005,.17384413,.52317959,.94952041,.58841616,.89373052,.40191802,.46183005,.39397961,.65530276,.58844125,.45992857,.79341447,.67490643,.71755004,.76536083,.47345322,.61912769,.42780644,.74618018,.90627104,.81001294,.49933726,.50164032,.54994059,.76957375,.83573502,.44864532,.75787562,.82345998,.61307615,.76266891,.47180548
2013,4,"read","hsp",.66763723,.39397672,.71479785,.40273228,.86986113,.78430408,.89000475,.60243416,1.4712816,.37985542,.58114278,.53781754,.70668727,.73545396,.4246909,.47250614,.63720989,.20940323,.3533704,9999,.64406663,.96547151,.43959442,.71783316,.49758789,.26477236,.41385341,.6126982,.66332483,.77595448,.83093256,.64188653,.67816776,.64292896,.32473591,.5259167,.53157765,.66800714,.7056272,.86580622,.35167059,.49539566,.61785412,.82492399,.89381534,9999,.69207281,.73528767,9999,.74627382,.44748458
1990,8,"math","blk",1.1308687,9999,.91515326,1.3834685,1.2510431,1.3006328,1.2248801,.90167385,2.1057932,1.1311095,1.0506901,.69334853,9999,1.3267519,1.0876123,.99970067,9999,.64921039,1.1503509,9999,1.1646614,9999,1.530414,1.3968025,9999,9999,9999,1.6035178,9999,9999,1.44537,1.195048,1.317698,1.0730513,9999,1.2871574,1.244525,1.0124843,1.2948148,1.2597613,9999,9999,9999,1.4397194,9999,9999,.98659205,9999,.88374949,1.5685773,9999
1992,8,"math","blk",1.0919961,9999,.8060416,1.1711854,1.2602508,1.1838136,1.3577204,.95298809,1.9481061,1.1110989,.98993826,.53113848,9999,1.2707921,.99943441,1.0572444,9999,.76523793,1.0410167,.30667675,1.1580819,1.0275803,1.4421841,1.069043,1.0924395,1.1407138,9999,1.4829386,9999,9999,1.3424382,1.1444098,1.3456444,.88225824,9999,1.2926035,1.1373553,.98336013,1.1910236,.9508698,1.0640047,9999,1.0633212,1.073773,9999,9999,.92088819,9999,.58791918,1.1085898,9999
1996,8,"math","blk",1.2738383,1.2202991,.80800742,1.1305006,.92387843,.90507996,1.3799469,1.0445832,1.9850127,1.331773,1.1587087,.57118523,9999,1.1588725,1.1422439,.89086264,9999,.73570216,1.2169845,.33129425,1.3009241,1.0106026,1.1935909,1.2347683,1.0982018,1.1585172,9999,1.1198237,9999,9999,1.3022513,.95735389,1.191105,.94916111,.72918338,1.1596367,1.0440991,.92511177,1.1944347,.98981345,.9549883,9999,1.1118746,1.242913,9999,9999,1.1632499,1.0784714,.68635839,1.5435628,9999
2000,8,"math","blk",1.0978833,1.0180976,1.0975795,1.2318485,1.1252528,1.0640745,1.5732841,.97080416,2.0049422,1.2037197,1.0663841,.63637418,9999,1.0469528,.88042682,.93434508,.93699771,.73627931,1.2680522,.35591176,1.2376957,1.0387139,1.4629261,1.4420633,1.0857431,1.2374254,9999,1.2074761,.85809088,9999,1.2620644,.69615471,1.0777177,1.1297723,.82694572,1.0266699,.9508428,.90103501,1.1978457,1.0574346,.9969632,9999,1.0238336,1.1484361,.80813372,9999,1.0608279,.83577497,.6656478,1.5323181,9999
2003,8,"math","blk",1.0609214,.86644644,.91388446,1.0735984,1.0687336,1.1833204,1.194904,.91546988,2.3329253,1.1076797,1.0279634,.40089926,9999,1.2429122,1.0756152,.96695691,1.2518141,.79147398,1.014413,.3743749,.98369491,1.0631242,1.3083555,1.2644942,1.0365523,1.109172,9999,1.2240413,.87920672,.90153885,1.2319242,.94901091,1.1744149,1.0527383,.90026748,1.0185963,.92886603,.57108742,1.200404,1.0913281,1.110587,.88039368,1.0410242,1.059649,.8813929,.59744287,.94778693,.65375262,.60914075,1.5238847,.27884471
2005,8,"math","blk",1.0743207,.66498613,.77451205,1.1810237,1.0243489,1.1044357,1.3428917,.92180282,2.1335773,1.0296776,.90991038,.15802746,.3699618,1.2840637,.95168948,.98339981,.99705446,.64038455,1.0115458,.78690672,1.0290984,1.028428,1.1528515,1.3412875,1.1143073,1.2134417,9999,1.5368292,.98091298,.47953677,1.0560863,.656066,1.0191178,.89780504,.49567977,1.0971674,.9184618,.8393954,1.1620327,1.0318644,1.0635254,1.0230135,1.0351948,1.0045519,.83930439,.8748495,1.0287265,.69641072,.60898477,1.43329,.61732692
2007,8,"math","blk",1.0204796,.79360062,.71406627,.846044,1.0087403,.73025924,1.1600648,1.0273559,2.2273068,.89885712,.87381798,.25264871,.67861634,1.1723627,1.0314757,.98880631,.93720621,.77255154,.93297559,.58323324,1.1384951,1.3092064,1.2523985,1.1049575,1.0056348,1.1560292,9999,1.4935772,.74265325,.74952167,1.0936912,.67291754,1.0170825,.95010513,.857732,1.0704646,.77875674,.43493778,1.0619657,.98664069,.86193264,.52479523,.93066674,.9948045,1.0075812,.39532208,.9330852,.73446894,.74038726,1.4217763,.58473724
2009,8,"math","blk",.98275137,.83383554,.6151588,1.0295764,1.0596229,1.0637745,1.1785799,.9183681,2.1684265,.77137762,.85836643,.34333551,.76164538,1.2413301,.8466782,.8643235,.9334569,.77420425,.89725095,.7958864,1.161124,.97398067,1.1939688,1.1652684,.98847669,1.0059716,.70786136,1.1148849,.97981596,.46687952,1.0471958,.83025122,1.0199875,1.0498862,.72921526,1.0275595,.69636059,.81073397,1.0167161,.9248836,.92980427,.8193574,.85278857,.97140086,.68903971,.53488564,.82967603,.81603217,.22827068,1.2540023,.70329976
2011,8,"math","blk",.94390619,.79464608,.75266355,.98010188,1.0276089,1.0509869,1.1232787,.91404951,1.8514879,.8951987,.91323519,.41348746,.52823836,1.0748041,.86716747,.92156273,.8794511,.74478108,.77110064,.64530098,1.0754085,.87864125,1.1387748,1.0834002,.93829602,1.0516557,.22440892,1.1153573,1.0333579,.61843389,1.0139779,.8033061,.85631442,.90662628,1.1314489,1.0925022,.81797051,.69760394,1.1500127,.98676401,.92951977,.78893077,.84960353,.93563288,.83952504,.85494512,.85942489,.87809098,.43315163,1.2180966,.87380433
2013,8,"math","blk",.90146619,.7332207,.78801894,.96759504,.98604107,1.127385,1.1038182,.89655381,1.6656873,.8526687,.88156319,9999,9999,1.0714902,.82428545,1.0411235,.82200408,.71461874,.85140514,.79051119,.89479959,.87231046,1.0874257,1.1414707,.97125411,.86498225,9999,1.3252754,.79653859,9999,.87002414,.91115236,1.0129389,.84262949,.68071467,.84209937,.76117969,9999,1.0980712,.91345561,.91097361,1.175787,.80534476,.8826322,9999,1.0407634,.90375859,.74217021,.34193617,1.3265607,9999
1990,8,"math","hsp",9999,9999,1.0013105,9999,1.1382269,.98831928,1.518383,.6787225,1.7106041,.62968767,9999,.64034218,.84630316,1.1776972,.83747602,.83851194,9999,9999,.38237172,9999,.6408003,9999,.76241702,9999,9999,9999,9999,.84277552,9999,9999,1.3789742,.89708155,1.1854525,9999,9999,.9203164,.8167854,.62820113,1.4768971,1.2847128,9999,9999,9999,1.008278,9999,9999,.30579352,9999,9999,1.0067904,.71455359
1992,8,"math","hsp",9999,9999,.91106927,9999,1.0764757,.82516211,1.398726,.71251625,1.3360726,.79511541,9999,.61744124,.71760714,1.1191513,.55502331,.50936127,9999,9999,.810992,9999,.83200437,1.2345959,.76655728,.98857754,9999,.48642465,9999,.85257834,9999,9999,1.2153052,.80842829,1.1711242,9999,9999,.66271168,.57382697,.66675133,.88122177,1.3874134,9999,9999,9999,.91396385,.72025859,9999,.37592909,9999,9999,1.1837544,.52447045
1996,8,"math","hsp",9999,.63922989,.96411431,9999,1.0344958,.89285672,1.1600547,.84398472,1.7347989,.7566126,.30884597,.68978339,.86893237,1.0020595,.81707555,.66826445,9999,9999,.5257169,9999,.61433548,1.4051775,.75303072,.69676173,9999,.38379547,.45295632,.8809098,9999,9999,1.1253552,.80054373,1.1353799,.30556631,.74229139,.66349749,.61185673,.74385172,.95484122,1.0119554,9999,9999,9999,.9402864,.71433252,9999,.43723533,1.029413,9999,.7588793,.63636303
2000,8,"math","hsp",9999,.76798608,.9911378,.43553433,.9494583,.96244654,1.2732172,.86560769,1.8615066,.69255654,.63116688,.61447811,1.0202576,.88496774,.90805912,.82262566,.89291859,9999,.57961661,9999,.62182188,1.086882,.96622038,1.0260361,9999,.55545993,.72995198,1.1355331,.80055708,9999,1.0354052,.8022359,.96114725,.62962717,.76843995,.66428329,.64988649,.7773754,1.0284607,1.0575156,9999,9999,.31398091,.71586126,.97339052,9999,.30563828,.81681429,9999,.81366765,.80064535
2003,8,"math","hsp",1.0415241,.86455321,.86950362,.77421367,.97294551,1.0146389,1.035579,.88182491,2.1796312,.6445145,.68113369,.3300969,1.0184584,.97864562,.87355113,.93839657,.84046072,.83509916,.37181526,9999,.80295217,1.1619223,.65849268,1.0177925,.69819713,.68420827,.48159888,1.0123626,.86350834,.96943384,.96794271,.90043485,.95414442,.89325768,.78805137,.66487265,.63686502,.79817402,1.0836753,1.0943544,.60576898,.86293316,.76209795,.80236244,1.1062036,9999,.69037282,.65736526,9999,.85475892,.72876972
2005,8,"math","hsp",.52356422,.50527102,.83588094,.48892358,.85710037,1.0097623,1.1808187,.82114357,1.8306917,.62855047,.78860116,.58054644,.75657183,.78748161,.80632758,.78480238,.79794365,.66786504,.749345,9999,.82603121,1.0043451,.64716858,1.0455209,.28328788,.66760379,.32667613,.94767225,.73975694,.91625327,.91366827,.75563937,.88359708,.75898385,.70930618,.81839406,.64673799,.89208657,.65679997,1.1620449,.76387125,.69756413,.60056394,.77089059,.83407277,9999,.67913252,.78907698,9999,.84675699,.68095434
2007,8,"math","hsp",.92590308,.63954145,.84716344,.79397702,.93127871,1.00155,1.1127346,.8715874,1.9563526,.53869325,.67577159,.4281303,.71841043,.82037061,.69892186,.84138209,.86795056,.74313146,.68943268,.50156212,.82265061,1.074975,.84168208,.89697361,.49508741,.58293211,.30305156,.95272547,.75314546,.72844648,.86192429,.78465956,.7861926,.65992403,1.0755527,.48214263,.72804409,.81192017,.84478199,.97929454,.60375863,.71377993,.57502908,.78838414,.90882796,.67770875,.62487417,.81561804,9999,.73795968,.52591443
2009,8,"math","hsp",.61649466,.57046384,.76540846,.48377752,.94187737,.98490864,1.0515162,.57132655,1.6529783,.4535045,.62403685,.13143182,.84780324,.80723602,.62543887,.6594035,.64793134,.28954071,.10014454,.60814029,.82356966,1.00547,.51415557,.9670198,.67481244,.13414444,.53860664,.95256674,.77580684,.64723134,.89206541,.8506819,.93908906,.68397874,.51450598,.76652056,.64021564,.80061352,.8304044,.93903178,.76174146,.94875884,.35913983,.76891476,.96032405,.08704325,.61405206,.99193221,.0956424,.78149235,.68645859
2011,8,"math","hsp",.81782746,.60143131,.81971079,.49694833,.88758749,.95040792,1.0912812,.62513036,1.6567786,.42180502,.42396149,.82663041,.72465402,.69952422,.49886337,.62078136,.69671327,.44891283,.45052943,.30492178,.84051782,.97987056,.37794197,1.0106391,.31285557,.65653318,.41459265,.93106288,.81779552,.83760667,.90912628,.64859688,.88245565,.64763516,.58252931,.66602689,.68714821,.6031394,.72066694,.91180938,.57145119,.6913178,.46148276,.69231945,1.025663,.21896972,.55373222,.7112236,.4455663,.76288474,.65035385
2013,8,"math","hsp",.71603245,.53330863,.72370625,.3852523,.82636416,.78669918,1.1472819,.5174858,1.426147,.49707207,.47452188,.30853632,.74887657,.70076191,.44722447,.71712291,.59688449,.43416923,.22651859,9999,.54012746,.91331023,.76447475,.81874269,.19024174,.39090312,.37050939,.79482418,.63213426,.7783035,.59546053,.65027827,.88189173,.51884353,9999,.49799323,.49312279,.69391066,.99166346,.88381851,.56086987,.56085002,.38969061,.63087595,.95410454,9999,.51508468,.66172713,9999,.70694089,.41352507
1998,8,"read","blk",.93243515,9999,.99075854,.97567451,.90223318,.88749081,1.1927891,.74864328,1.598269,1.0329695,.95791727,.16183595,9999,9999,9999,9999,9999,.69640255,1.0292441,9999,.96218187,.94775885,9999,1.0855999,.85364383,.81905311,9999,9999,.75820619,9999,9999,.54232115,.9560616,.80714369,9999,9999,.66072953,.88949418,9999,.43670443,.84767652,9999,.98167527,.91159248,9999,9999,.82391644,.67978114,.58456057,1.1248423,9999
2002,8,"read","blk",.96043575,9999,.61362553,.92334527,.75268191,.80453168,1.2282114,.89169681,1.0386686,.7830705,.73201162,.59064502,.57373023,9999,.71411741,9999,.95525223,.6548062,.93138391,.70446843,.88302958,1.0679417,.86467052,.9709722,1.0653296,.86297894,9999,1.025888,.78694636,9999,9999,.32987669,.72844523,.98413765,9999,.92823547,1.0059016,.23595022,1.1008657,.8307882,.97524375,9999,.81151009,.97740793,.65544206,.19231756,.86298651,.7387827,.7672208,1.1806955,.45686617
2003,8,"read","blk",.77699655,.62705845,.70136583,1.0067563,.75079757,.7837919,.95602047,.83522159,1.9590137,.86855006,.77244544,-.08310886,.34801475,.95735329,.76131636,.83009404,.87940717,.75314641,.90141821,.48615038,.78462356,.84705353,.96873069,.94231528,.86181426,.97277623,9999,1.0117797,.87307841,.27189896,.94635975,.68707895,1.0207521,.8208276,.22128366,.75457472,.75077504,.48023307,.8334502,.74928343,.86806029,.53294218,.81141102,.84986579,1.2370685,.62505215,.82759368,.51964736,.40316844,1.1946588,.72383142
2005,8,"read","blk",.82154316,.58966494,.75793636,.88540584,.73103201,.61215073,.98923683,.86888939,1.9363862,.77110988,.86302847,.4083437,-.1034162,.90420544,.78236908,.72385824,.77438039,.56734216,.80953169,.7044453,.87931734,.84992504,.90061581,1.02905,.90950757,.92542523,.90161991,.91571254,.61045843,.47949874,.92719293,.40881285,1.1029977,.85363764,-.04189439,.93214136,.7197547,.65380985,1.0149509,.75786585,.77305919,.28229794,.79802018,.75216609,.74980104,.28861558,.79274875,.33341998,.58512574,1.0594692,.48050669
2007,8,"read","blk",.78841054,.57887697,.6182248,.98865902,.84873438,.74204624,.95469147,.8227368,1.7118037,.72948927,.82502252,.21948588,.35697854,.89105219,.84422082,.64582866,.90598017,.56396872,.79584593,.48642904,.89932489,.87177891,1.0054151,.86844933,.85614449,.89498717,.71652639,.87595952,.48216558,.28332558,.97225767,.62715912,.93806446,.9185794,.56283754,.92033535,.7199102,.63144249,.81146336,.87019968,.88298094,.56073552,.9023307,.89066023,.36863095,.15671562,.7084648,.70616996,.46645933,1.1247669,.76019645
2009,8,"read","blk",.85820204,.76444781,.5721882,.97876352,.81156248,.81417781,1.1461843,.70963562,1.6123891,.71081603,.63454831,.37580106,.05126838,1.0311201,.67838287,.81401622,.86061549,.65375,.70245409,.41868839,.92981476,.85878199,.92027229,1.0609268,.84459168,.80174881,.22522254,.97785997,.7389248,.47677422,1.0352465,.78519982,.91639322,.85417533,.28173813,.88654506,.57042134,.46950355,.87379068,.86929697,.78052038,.65358877,.8003335,.84005761,.68450665,.31652847,.79859668,.85213327,.17079338,1.0302585,.26522747
2011,8,"read","blk",.80736154,.72575647,.70357436,.91091734,.76676792,.70960146,.91817099,.65060395,1.6034415,.73927146,.7581619,.40202245,.32151565,.80031461,.69703764,.69263309,.79695773,.78565246,.72669542,.65148485,.859743,.86524767,.83541167,.84752482,.93426526,.88445145,.39996257,.72663033,.62931269,.86457735,.96451122,.75694984,.77414709,.76486027,.62282157,.87476969,.61704153,.57635474,.97410381,.74093288,.82302266,.65293223,.73831427,.79534215,.52816367,.53863865,.73189133,.54584849,.25467688,1.0245411,.32300392
2013,8,"read","blk",.78640479,.66047311,.74370551,.75215656,.88077855,1.0526905,.80114722,.66354465,1.7151779,.63626623,.6929251,.44073415,9999,.94149399,.81358188,.74803072,.86167544,.77000439,.75528812,9999,.75700492,.90786046,.83020228,.86078411,.87644947,.84020936,9999,.7898953,.72182387,9999,.75495934,.76100695,.76184458,.67861342,.49569017,.75150478,.70515221,9999,.89952743,.77115351,.7436626,9999,.60481822,.86142766,9999,.50672996,.78229779,.68520898,.07402103,1.0536411,9999
1998,8,"read","hsp",9999,9999,.82959813,.28895026,.95268655,.93137777,1.065102,.49657583,1.3280808,.49029398,.70506096,.34057271,9999,9999,9999,9999,9999,9999,9999,9999,.355571,1.0294242,9999,.56888258,9999,9999,.88127297,9999,.66764313,9999,9999,.7856307,.9694171,.90363705,9999,9999,.77513617,.7664811,9999,.76655382,9999,9999,9999,.77289456,.41728067,9999,.39989489,.73735255,9999,.54879338,.51363796
2002,8,"read","hsp",.86877286,9999,.81529677,.65180051,.89621174,.87050946,1.2583327,.92479777,1.1652222,.55302298,.81110811,.86787283,.7600956,9999,.50417149,9999,.63316983,9999,.02740389,9999,.70033169,.99192297,.36047405,.8331641,9999,.24502872,1.0110319,.87035191,.72660351,9999,9999,.60381341,.80333543,.73689216,.48398975,.50846809,.60867023,.75743651,.91846412,.89007491,.37092155,9999,.10430161,.85770386,.95248801,9999,.49549821,.63899249,9999,.74739972,.62357527
2003,8,"read","hsp",1.0516546,.61977768,.84452814,.26464388,.8068462,.85529238,.92860246,.83870733,1.7819334,.50367248,.72904253,.18001953,.75702459,.84270418,.67535263,.81953537,.71511716,.53449655,.36780855,9999,.54054344,.99853659,.45526195,.89923447,.22428043,.25299215,.26464936,.91053665,.81527209,.64479476,.8875435,.77673286,.85080087,.84667748,.28458753,.1445,.48764613,.52164209,.41005003,.92547727,.42056516,.45310986,.69995254,.78883183,.81781751,9999,.3186284,.6709668,9999,.79705131,.48634887
2005,8,"read","hsp",.72004443,.43548441,.81154937,.54216671,.758479,.82693702,.87514347,.77745652,1.5608151,.36520636,.6271978,.57778955,.64128804,.60568517,.53383428,.45910692,.73746765,.38250518,.20006922,9999,.5040099,1.0481702,.56606072,.87298,.31414601,.39255881,.73417449,.88445693,.59478641,.48532301,.88663661,.6137951,.82494837,.59264791,.10917646,.8534506,.64633268,.70876634,.79145187,.914222,.36116964,.64101356,.41625527,.70115298,.675924,9999,.56290543,.66562468,9999,.69260424,.49404684
2007,8,"read","hsp",.33288169,.39782906,.87541312,.56813765,.78969276,.8115344,1.0017105,.58268398,1.3909878,.38345751,.68513066,.35612708,.75602686,.66856605,.38399234,.63115698,.79100877,.33136359,.34289256,.15083018,.58339536,.93398279,.76838738,.76593727,.38927013,.72118986,.33179408,.54843432,.69605643,.61387968,.74318331,.64645898,.87674052,.71303648,.10677882,.44584045,.80330855,.81166232,.86457199,1.0607158,.78652155,.49897522,.49183053,.80450016,.73586464,-.3951242,.4770852,.71685219,9999,.6751287,.70095885
2009,8,"read","hsp",.46630934,.3426469,.71355003,.52475059,.81166077,.81526858,.85913235,.57145262,1.2198972,.37290844,.44216117,.42339361,.89887065,.71945882,.60623485,.54656065,.75663376,.11406908,.13424358,.31043351,.63600594,.8971349,.40843537,.87556565,.54397684,.33501706,.36292782,.6604135,.64675397,.42387539,.89984614,.76890504,.84278095,.61276269,.15795252,.72654492,.5890125,.69424915,.98499167,.80216336,.20053673,.37177572,.48295763,.73271,.79163826,-.23804277,.49614996,.73003477,9999,.71483332,.37247798
2011,8,"read","hsp",.64480788,.45709744,.65901953,.4069764,.66375858,.76157528,.91223961,.43916005,1.4528749,.3368552,.49481142,.74688572,.5821833,.55406868,.41861951,.5450756,.61684483,.26561517,.48205453,.41261315,.60608637,1.0341755,.29529923,.55803019,.45912391,.43872425,.423893,.64094073,.68495888,.70046192,.91562492,.62227654,.75137341,.52590728,.68704849,.73703909,.4743337,.60746121,.80680037,.80131263,.40772191,.58253443,.27610117,.68853962,.81563979,-.06539773,.46270919,.70950764,.04765767,.80406547,.44025615
2013,8,"read","hsp",.53470033,.36484593,.63992798,.39649439,.71641821,.7245062,.78411728,.40605479,1.3992985,.41957292,.42419443,.44798493,.64039421,.60831141,.40572539,.50703859,.56653136,.2779251,.28437576,9999,.55262733,.99632919,.43810058,.76946098,.4454304,.20751837,.46543705,.67407066,.61247635,.76024461,.61007637,.62337673,.74194986,.46529675,9999,.21963511,.50711364,.66940314,.90643275,.7794112,.40452743,.43599761,.24798346,.79568827,.54635984,9999,.40592137,.76597786,9999,.47210515,.42806053
