state,group,grade,sub,vgap,vgapse,sesgap,resid,incV,edV,unemprat,povrat,enrl,fips,y1sesgap,y2sesgap,x1sesgap,x2sesgap,y1incV,y2incV,x1incV,x2incV,y1edV,y2edV,x1edV,x2edV,vgapse2,seweight,y1unemprat,y2unemprat,x1unemprat,x2unemprat,y1povrat,y2povrat,x1povrat,x2povrat
"AL","blk",4,"math",.971,.0295,.3325363,.0316891,.8334968,.6267921,3.657039,2.807894,20400.25,"Alabama",.507,2.207,-.1,1.6,.2297721,1.420677,-1,2,.4695542,1.851122,-.5,2.5,.0008692,1150.455,.85237,1.368426,0,10,.6289541,1.821329,0,11
"AL","blk",4,"read",.801,.0298,.2952671,.0275916,.8334968,.6267921,3.657039,2.807894,20400.25,"Alabama",.378,2.078,-.1,1.6,.1815398,1.155946,-1,2,.3938085,1.484521,-.5,2.5,.0008859,1128.842,.6717991,1.181764,0,10,.5082991,1.483623,0,11
"AL","hsp",4,"math",.647,.0555,.5544785,-.1506208,.9112223,.995716,1.76916,3.390179,1872.083,"Alabama",.143,1.843,-.1,1.6,-.3790149,1.504489,-1,2,.0675631,1.480557,-.5,2.5,.0030763,325.067,.6213536,1.417812,0,10,.2802785,1.986334,0,11
"AL","hsp",4,"read",.679,.0541,.5658631,-.0381526,.9112223,.995716,1.76916,3.390179,1872.083,"Alabama",.051,1.751,-.1,1.6,-.4413069,1.422306,-1,2,-.0339986,1.435674,-.5,2.5,.0029261,341.7475,.5585436,1.320314,0,10,.2325985,1.844095,0,11
"AL","blk",8,"read",.806,.0265,.3275943,.0171777,.8334968,.6267921,3.657039,2.807894,20400.25,"Alabama",.361,2.061,-.1,1.6,.1607846,1.165672,-1,2,.3933816,1.477607,-.5,2.5,.0007009,1426.754,.6902131,1.108518,0,10,.540767,1.400359,0,11
"AL","blk",8,"math",.997,.0308,.4084426,.0573712,.8334968,.6267921,3.657039,2.807894,20400.25,"Alabama",.431,2.131,-.1,1.6,.1057694,1.473777,-1,2,.4672487,1.820155,-.5,2.5,.0009461,1056.978,.8620538,1.28495,0,10,.5980427,1.855158,0,11
"AL","hsp",8,"math",.758,.0549,.5336532,-.0431244,.9112223,.995716,1.76916,3.390179,1872.083,"Alabama",.167,1.867,-.1,1.6,-.2876797,1.450589,-1,2,.147586,1.40787,-.5,2.5,.0030153,331.6403,.6211048,1.476643,0,10,.319176,1.891673,0,11
"AL","hsp",8,"read",.57,.0628,.6065091,-.1145303,.9112223,.995716,1.76916,3.390179,1872.083,"Alabama",-.022,1.678,-.1,1.6,-.4886567,1.399311,-1,2,-.0144324,1.348337,-.5,2.5,.0039497,253.1834,.5188523,1.316976,0,10,.2017192,1.800016,0,11
"AK","blk",4,"math",.806,.0444,.0115029,.1876294,.4596845,.0084106,1.138348,.998076,427.9167,"Alaska",.507,2.207,-.1,1.6,.2297721,1.420677,-1,2,.4695542,1.851122,-.5,2.5,.0019715,507.2288,.85237,1.368426,0,10,.6289541,1.821329,0,11
"AK","blk",4,"read",.585,.0469,-.0091182,.1165775,.4596845,.0084106,1.138348,.998076,427.9167,"Alaska",.378,2.078,-.1,1.6,.1815398,1.155946,-1,2,.3938085,1.484521,-.5,2.5,.0021992,454.7046,.6717991,1.181764,0,10,.5082991,1.483623,0,11
"AK","hsp",4,"read",.424,.038,.1388771,.1338234,.353545,.3391997,1.306139,1.307941,501.3333,"Alaska",.051,1.751,-.1,1.6,-.4413069,1.422306,-1,2,-.0339986,1.435674,-.5,2.5,.0014417,693.6077,.5585436,1.320314,0,10,.2325985,1.844095,0,11
"AK","hsp",4,"math",.549,.043,.1272423,.1782763,.353545,.3391997,1.306139,1.307941,501.3333,"Alaska",.143,1.843,-.1,1.6,-.3790149,1.504489,-1,2,.0675631,1.480557,-.5,2.5,.0018475,541.2746,.6213536,1.417812,0,10,.2802785,1.986334,0,11
"AK","blk",8,"read",.653,.0454,.0215798,.1707422,.4596845,.0084106,1.138348,.998076,427.9167,"Alaska",.361,2.061,-.1,1.6,.1607846,1.165672,-1,2,.3933816,1.477607,-.5,2.5,.0020598,485.4936,.6902131,1.108518,0,10,.540767,1.400359,0,11
"AK","blk",8,"math",.778,.0471,.0733392,.1737167,.4596845,.0084106,1.138348,.998076,427.9167,"Alaska",.431,2.131,-.1,1.6,.1057694,1.473777,-1,2,.4672487,1.820155,-.5,2.5,.0022155,451.3596,.8620538,1.28495,0,10,.5980427,1.855158,0,11
"AK","hsp",8,"math",.615,.0414,.1180483,.2297969,.353545,.3391997,1.306139,1.307941,501.3333,"Alaska",.167,1.867,-.1,1.6,-.2876797,1.450589,-1,2,.147586,1.40787,-.5,2.5,.001718,582.0891,.6211048,1.476643,0,10,.319176,1.891673,0,11
"AK","hsp",8,"read",.437,.0449,.1772504,.1814137,.353545,.3391997,1.306139,1.307941,501.3333,"Alaska",-.022,1.678,-.1,1.6,-.4886567,1.399311,-1,2,-.0144324,1.348337,-.5,2.5,.0020196,495.1532,.5188523,1.316976,0,10,.2017192,1.800016,0,11
"AZ","blk",4,"math",.867,.0476,.3390496,-.0783927,.6400429,.6604602,2.776914,2.909896,4238.833,"Arizona",.507,2.207,-.1,1.6,.2297721,1.420677,-1,2,.4695542,1.851122,-.5,2.5,.0022674,441.0309,.85237,1.368426,0,10,.6289541,1.821329,0,11
"AZ","blk",4,"read",.655,.0477,.2907886,-.1137791,.6400429,.6604602,2.776914,2.909896,4238.833,"Arizona",.378,2.078,-.1,1.6,.1815398,1.155946,-1,2,.3938085,1.484521,-.5,2.5,.0022768,439.2161,.6717991,1.181764,0,10,.5082991,1.483623,0,11
"AZ","hsp",4,"math",.847,.0276,.5642442,.0402035,.9067109,1.24731,1.524084,2.969931,32255.58,"Arizona",.143,1.843,-.1,1.6,-.3790149,1.504489,-1,2,.0675631,1.480557,-.5,2.5,.0007644,1308.195,.6213536,1.417812,0,10,.2802785,1.986334,0,11
"AZ","hsp",4,"read",.752,.0264,.6026433,-.0013707,.9067109,1.24731,1.524084,2.969931,32255.58,"Arizona",.051,1.751,-.1,1.6,-.4413069,1.422306,-1,2,-.0339986,1.435674,-.5,2.5,.000697,1434.743,.5585436,1.320314,0,10,.2325985,1.844095,0,11
"AZ","blk",8,"math",.76,.0465,.3782104,-.1489623,.6400429,.6604602,2.776914,2.909896,4238.833,"Arizona",.431,2.131,-.1,1.6,.1057694,1.473777,-1,2,.4672487,1.820155,-.5,2.5,.002162,462.5434,.8620538,1.28495,0,10,.5980427,1.855158,0,11
"AZ","blk",8,"read",.683,.0473,.3150824,-.0924146,.6400429,.6604602,2.776914,2.909896,4238.833,"Arizona",.361,2.061,-.1,1.6,.1607846,1.165672,-1,2,.3933816,1.477607,-.5,2.5,.0022369,447.0443,.6902131,1.108518,0,10,.540767,1.400359,0,11
"AZ","hsp",8,"math",.81,.0269,.5373725,.0054539,.9067109,1.24731,1.524084,2.969931,32255.58,"Arizona",.167,1.867,-.1,1.6,-.2876797,1.450589,-1,2,.147586,1.40787,-.5,2.5,.0007242,1380.917,.6211048,1.476643,0,10,.319176,1.891673,0,11
"AZ","hsp",8,"read",.747,.0305,.6322168,.0364877,.9067109,1.24731,1.524084,2.969931,32255.58,"Arizona",-.022,1.678,-.1,1.6,-.4886567,1.399311,-1,2,-.0144324,1.348337,-.5,2.5,.0009284,1077.072,.5188523,1.316976,0,10,.2017192,1.800016,0,11
"AR","blk",4,"read",.864,.0299,.2470671,.1391535,.8901526,.5372099,2.53585,2.795296,7980.25,"Arkansas",.378,2.078,-.1,1.6,.1815398,1.155946,-1,2,.3938085,1.484521,-.5,2.5,.0008959,1116.238,.6717991,1.181764,0,10,.5082991,1.483623,0,11
"AR","blk",4,"math",1.04,.0311,.300706,.1323441,.8901526,.5372099,2.53585,2.795296,7980.25,"Arkansas",.507,2.207,-.1,1.6,.2297721,1.420677,-1,2,.4695542,1.851122,-.5,2.5,.0009688,1032.229,.85237,1.368426,0,10,.6289541,1.821329,0,11
"AR","hsp",4,"read",.549,.0406,.4242466,-.0264443,.4504377,1.066916,1.276275,1.752151,2761.5,"Arkansas",.051,1.751,-.1,1.6,-.4413069,1.422306,-1,2,-.0339986,1.435674,-.5,2.5,.0016461,607.5104,.5585436,1.320314,0,10,.2325985,1.844095,0,11
"AR","hsp",4,"math",.523,.0377,.37203,-.0923371,.4504377,1.066916,1.276275,1.752151,2761.5,"Arkansas",.143,1.843,-.1,1.6,-.3790149,1.504489,-1,2,.0675631,1.480557,-.5,2.5,.0014231,702.6994,.6213536,1.417812,0,10,.2802785,1.986334,0,11
"AR","blk",8,"math",1.01,.0306,.3816302,.0983386,.8901526,.5372099,2.53585,2.795296,7980.25,"Arkansas",.431,2.131,-.1,1.6,.1057694,1.473777,-1,2,.4672487,1.820155,-.5,2.5,.0009368,1067.473,.8620538,1.28495,0,10,.5980427,1.855158,0,11
"AR","blk",8,"read",.909,.0307,.2788875,.1696297,.8901526,.5372099,2.53585,2.795296,7980.25,"Arkansas",.361,2.061,-.1,1.6,.1607846,1.165672,-1,2,.3933816,1.477607,-.5,2.5,.0009424,1061.148,.6902131,1.108518,0,10,.540767,1.400359,0,11
"AR","hsp",8,"math",.568,.0426,.3481562,-.0472041,.4504377,1.066916,1.276275,1.752151,2761.5,"Arkansas",.167,1.867,-.1,1.6,-.2876797,1.450589,-1,2,.147586,1.40787,-.5,2.5,.0018174,550.2327,.6211048,1.476643,0,10,.319176,1.891673,0,11
"AR","hsp",8,"read",.471,.0422,.4098283,-.0168139,.4504377,1.066916,1.276275,1.752151,2761.5,"Arkansas",-.022,1.678,-.1,1.6,-.4886567,1.399311,-1,2,-.0144324,1.348337,-.5,2.5,.0017817,561.2527,.5188523,1.316976,0,10,.2017192,1.800016,0,11
"CA","blk",4,"math",1.03,.0362,.3711875,.0509962,.9147701,.6727064,2.410122,3.275402,35644.25,"California",.507,2.207,-.1,1.6,.2297721,1.420677,-1,2,.4695542,1.851122,-.5,2.5,.0013136,761.2853,.85237,1.368426,0,10,.6289541,1.821329,0,11
"CA","blk",4,"read",.821,.0362,.3036481,.0396562,.9147701,.6727064,2.410122,3.275402,35644.25,"California",.378,2.078,-.1,1.6,.1815398,1.155946,-1,2,.3938085,1.484521,-.5,2.5,.0013106,762.9976,.6717991,1.181764,0,10,.5082991,1.483623,0,11
"CA","hsp",4,"math",.997,.0231,.5742936,.1794563,.8581514,1.218022,1.733821,3.065096,233902.8,"California",.143,1.843,-.1,1.6,-.3790149,1.504489,-1,2,.0675631,1.480557,-.5,2.5,.0005337,1873.791,.6213536,1.417812,0,10,.2802785,1.986334,0,11
"CA","hsp",4,"read",.921,.0224,.6065311,.163633,.8581514,1.218022,1.733821,3.065096,233902.8,"California",.051,1.751,-.1,1.6,-.4413069,1.422306,-1,2,-.0339986,1.435674,-.5,2.5,.0005022,1991.338,.5585436,1.320314,0,10,.2325985,1.844095,0,11
"CA","blk",8,"math",1.01,.0339,.4412215,.0427785,.9147701,.6727064,2.410122,3.275402,35644.25,"California",.431,2.131,-.1,1.6,.1057694,1.473777,-1,2,.4672487,1.820155,-.5,2.5,.0011466,872.1483,.8620538,1.28495,0,10,.5980427,1.855158,0,11
"CA","blk",8,"read",.785,.0323,.3320749,-.0075923,.9147701,.6727064,2.410122,3.275402,35644.25,"California",.361,2.061,-.1,1.6,.1607846,1.165672,-1,2,.3933816,1.477607,-.5,2.5,.0010445,957.4203,.6902131,1.108518,0,10,.540767,1.400359,0,11
"CA","hsp",8,"math",.884,.0241,.5479378,.0682589,.8581514,1.218022,1.733821,3.065096,233902.8,"California",.167,1.867,-.1,1.6,-.2876797,1.450589,-1,2,.147586,1.40787,-.5,2.5,.0005817,1719.2,.6211048,1.476643,0,10,.319176,1.891673,0,11
"CA","hsp",8,"read",.758,.0248,.6278898,.0520929,.8581514,1.218022,1.733821,3.065096,233902.8,"California",-.022,1.678,-.1,1.6,-.4886567,1.399311,-1,2,-.0144324,1.348337,-.5,2.5,.0006159,1623.682,.5188523,1.316976,0,10,.2017192,1.800016,0,11
"CO","blk",4,"math",.984,.0443,.5402762,-.1628435,1.158041,.9659758,2.652738,4.443823,3302.667,"Colorado",.507,2.207,-.1,1.6,.2297721,1.420677,-1,2,.4695542,1.851122,-.5,2.5,.0019663,508.5788,.85237,1.368426,0,10,.6289541,1.821329,0,11
"CO","blk",4,"read",.791,.0448,.4447749,-.1318558,1.158041,.9659758,2.652738,4.443823,3302.667,"Colorado",.378,2.078,-.1,1.6,.1815398,1.155946,-1,2,.3938085,1.484521,-.5,2.5,.0020108,497.3096,.6717991,1.181764,0,10,.5082991,1.483623,0,11
"CO","hsp",4,"read",.868,.0245,.7121271,.0047061,.9783396,1.236261,1.903378,4.024966,16933.67,"Colorado",.051,1.751,-.1,1.6,-.4413069,1.422306,-1,2,-.0339986,1.435674,-.5,2.5,.0005983,1671.479,.5585436,1.320314,0,10,.2325985,1.844095,0,11
"CO","hsp",4,"math",.902,.0278,.6976328,-.0384159,.9783396,1.236261,1.903378,4.024966,16933.67,"Colorado",.143,1.843,-.1,1.6,-.3790149,1.504489,-1,2,.0675631,1.480557,-.5,2.5,.0007711,1296.819,.6213536,1.417812,0,10,.2802785,1.986334,0,11
"CO","blk",8,"read",.766,.0469,.4689784,-.1636477,1.158041,.9659758,2.652738,4.443823,3302.667,"Colorado",.361,2.061,-.1,1.6,.1607846,1.165672,-1,2,.3933816,1.477607,-.5,2.5,.0022019,454.1556,.6902131,1.108518,0,10,.540767,1.400359,0,11
"CO","blk",8,"math",.987,.0457,.6160839,-.1598769,1.158041,.9659758,2.652738,4.443823,3302.667,"Colorado",.431,2.131,-.1,1.6,.1057694,1.473777,-1,2,.4672487,1.820155,-.5,2.5,.0020911,478.2125,.8620538,1.28495,0,10,.5980427,1.855158,0,11
"CO","hsp",8,"math",.956,.0297,.6729517,.0159427,.9783396,1.236261,1.903378,4.024966,16933.67,"Colorado",.167,1.867,-.1,1.6,-.2876797,1.450589,-1,2,.147586,1.40787,-.5,2.5,.0008848,1130.2,.6211048,1.476643,0,10,.319176,1.891673,0,11
"CO","hsp",8,"read",.796,.0332,.729206,-.0110261,.9783396,1.236261,1.903378,4.024966,16933.67,"Colorado",-.022,1.678,-.1,1.6,-.4886567,1.399311,-1,2,-.0144324,1.348337,-.5,2.5,.001099,909.884,.5188523,1.316976,0,10,.2017192,1.800016,0,11
"CT","blk",4,"math",1.27,.0362,.4483966,.2180827,.9696646,.8571268,2.447752,3.64438,5725.75,"Connecticut",.507,2.207,-.1,1.6,.2297721,1.420677,-1,2,.4695542,1.851122,-.5,2.5,.0013123,762.048,.85237,1.368426,0,10,.6289541,1.821329,0,11
"CT","blk",4,"read",1.04,.0384,.3628742,.2037009,.9696646,.8571268,2.447752,3.64438,5725.75,"Connecticut",.378,2.078,-.1,1.6,.1815398,1.155946,-1,2,.3938085,1.484521,-.5,2.5,.0014756,677.6705,.6717991,1.181764,0,10,.5082991,1.483623,0,11
"CT","hsp",4,"read",.968,.0355,.9135487,-.0971905,1.200398,1.178986,2.205444,6.147077,7017.25,"Connecticut",.051,1.751,-.1,1.6,-.4413069,1.422306,-1,2,-.0339986,1.435674,-.5,2.5,.0012602,793.5486,.5585436,1.320314,0,10,.2325985,1.844095,0,11
"CT","hsp",4,"math",1.08,.0381,.9435669,-.1030394,1.200398,1.178986,2.205444,6.147077,7017.25,"Connecticut",.143,1.843,-.1,1.6,-.3790149,1.504489,-1,2,.0675631,1.480557,-.5,2.5,.0014478,690.6988,.6213536,1.417812,0,10,.2802785,1.986334,0,11
"CT","blk",8,"math",1.17,.0364,.509485,.1247696,.9696646,.8571268,2.447752,3.64438,5725.75,"Connecticut",.431,2.131,-.1,1.6,.1057694,1.473777,-1,2,.4672487,1.820155,-.5,2.5,.0013262,754.014,.8620538,1.28495,0,10,.5980427,1.855158,0,11
"CT","blk",8,"read",.959,.0393,.4006985,.0976398,.9696646,.8571268,2.447752,3.64438,5725.75,"Connecticut",.361,2.061,-.1,1.6,.1607846,1.165672,-1,2,.3933816,1.477607,-.5,2.5,.0015458,646.9077,.6902131,1.108518,0,10,.540767,1.400359,0,11
"CT","hsp",8,"read",.885,.0383,.9194144,-.1124061,1.200398,1.178986,2.205444,6.147077,7017.25,"Connecticut",-.022,1.678,-.1,1.6,-.4886567,1.399311,-1,2,-.0144324,1.348337,-.5,2.5,.0014639,683.1071,.5188523,1.316976,0,10,.2017192,1.800016,0,11
"CT","hsp",8,"math",1.09,.0351,.9251781,-.1053417,1.200398,1.178986,2.205444,6.147077,7017.25,"Connecticut",.167,1.867,-.1,1.6,-.2876797,1.450589,-1,2,.147586,1.40787,-.5,2.5,.001234,810.375,.6211048,1.476643,0,10,.319176,1.891673,0,11
"DE","blk",4,"read",.773,.0244,.2306909,.0649825,.8316102,.4854431,1.67955,2.967099,3213.167,"Delaware",.378,2.078,-.1,1.6,.1815398,1.155946,-1,2,.3938085,1.484521,-.5,2.5,.0005976,1673.335,.6717991,1.181764,0,10,.5082991,1.483623,0,11
"DE","blk",4,"math",.956,.0221,.2921216,.0574199,.8316102,.4854431,1.67955,2.967099,3213.167,"Delaware",.507,2.207,-.1,1.6,.2297721,1.420677,-1,2,.4695542,1.851122,-.5,2.5,.0004892,2043.998,.85237,1.368426,0,10,.6289541,1.821329,0,11
"DE","hsp",4,"read",.648,.0311,.5988526,-.1016825,.9355209,1.088048,1.643229,3.431767,986.8333,"Delaware",.051,1.751,-.1,1.6,-.4413069,1.422306,-1,2,-.0339986,1.435674,-.5,2.5,.0009682,1032.815,.5585436,1.320314,0,10,.2325985,1.844095,0,11
"DE","hsp",4,"math",.767,.0308,.5804747,-.0559997,.9355209,1.088048,1.643229,3.431767,986.8333,"Delaware",.143,1.843,-.1,1.6,-.3790149,1.504489,-1,2,.0675631,1.480557,-.5,2.5,.0009507,1051.898,.6213536,1.417812,0,10,.2802785,1.986334,0,11
"DE","blk",8,"read",.747,.0221,.2487237,.0374684,.8316102,.4854431,1.67955,2.967099,3213.167,"Delaware",.361,2.061,-.1,1.6,.1607846,1.165672,-1,2,.3933816,1.477607,-.5,2.5,.0004882,2048.264,.6902131,1.108518,0,10,.540767,1.400359,0,11
"DE","blk",8,"math",.934,.0222,.3611898,.0420431,.8316102,.4854431,1.67955,2.967099,3213.167,"Delaware",.431,2.131,-.1,1.6,.1057694,1.473777,-1,2,.4672487,1.820155,-.5,2.5,.0004907,2037.809,.8620538,1.28495,0,10,.5980427,1.855158,0,11
"DE","hsp",8,"read",.573,.0388,.6344238,-.1394889,.9355209,1.088048,1.643229,3.431767,986.8333,"Delaware",-.022,1.678,-.1,1.6,-.4886567,1.399311,-1,2,-.0144324,1.348337,-.5,2.5,.0015063,663.8832,.5188523,1.316976,0,10,.2017192,1.800016,0,11
"DE","hsp",8,"math",.692,.0343,.5580808,-.1336332,.9355209,1.088048,1.643229,3.431767,986.8333,"Delaware",.167,1.867,-.1,1.6,-.2876797,1.450589,-1,2,.147586,1.40787,-.5,2.5,.0011734,852.248,.6211048,1.476643,0,10,.319176,1.891673,0,11
"DC","blk",4,"math",1.88,.0906,1.393778,-.1190591,1.732426,2.250489,9.44879,10.67516,4003.333,"District of Columbia",.507,2.207,-.1,1.6,.2297721,1.420677,-1,2,.4695542,1.851122,-.5,2.5,.0082106,121.7942,.85237,1.368426,0,10,.6289541,1.821329,0,11
"DC","blk",4,"read",1.62,.102,1.324755,-.1843735,1.732426,2.250489,9.44879,10.67516,4003.333,"District of Columbia",.378,2.078,-.1,1.6,.1815398,1.155946,-1,2,.3938085,1.484521,-.5,2.5,.0104698,95.51319,.6717991,1.181764,0,10,.5082991,1.483623,0,11
"DC","hsp",4,"math",1.63,.0683,1.17088,.2165167,1.446821,2.154834,5.699751,5.227718,489.0833,"District of Columbia",.143,1.843,-.1,1.6,-.3790149,1.504489,-1,2,.0675631,1.480557,-.5,2.5,.0046587,214.6512,.6213536,1.417812,0,10,.2802785,1.986334,0,11
"DC","hsp",4,"read",1.53,.0669,1.172725,.2023541,1.446821,2.154834,5.699751,5.227718,489.0833,"District of Columbia",.051,1.751,-.1,1.6,-.4413069,1.422306,-1,2,-.0339986,1.435674,-.5,2.5,.004472,223.6145,.5585436,1.320314,0,10,.2325985,1.844095,0,11
"DC","blk",8,"read",1.32,.12,1.20901,-.3459814,1.732426,2.250489,9.44879,10.67516,4003.333,"District of Columbia",.361,2.061,-.1,1.6,.1607846,1.165672,-1,2,.3933816,1.477607,-.5,2.5,.0143373,69.74812,.6902131,1.108518,0,10,.540767,1.400359,0,11
"DC","blk",8,"math",1.76,.133,1.47543,-.2467698,1.732426,2.250489,9.44879,10.67516,4003.333,"District of Columbia",.431,2.131,-.1,1.6,.1057694,1.473777,-1,2,.4672487,1.820155,-.5,2.5,.0176974,56.50541,.8620538,1.28495,0,10,.5980427,1.855158,0,11
"DC","hsp",8,"math",1.63,.0861,1.115238,.2491273,1.446821,2.154834,5.699751,5.227718,489.0833,"District of Columbia",.167,1.867,-.1,1.6,-.2876797,1.450589,-1,2,.147586,1.40787,-.5,2.5,.0074149,134.8632,.6211048,1.476643,0,10,.319176,1.891673,0,11
"DC","hsp",8,"read",1.37,.0768,1.21386,.0742843,1.446821,2.154834,5.699751,5.227718,489.0833,"District of Columbia",-.022,1.678,-.1,1.6,-.4886567,1.399311,-1,2,-.0144324,1.348337,-.5,2.5,.005897,169.5777,.5188523,1.316976,0,10,.2017192,1.800016,0,11
"FL","blk",4,"math",.976,.0269,.3740435,-.0042755,.858373,.7130804,2.486663,3.172801,46498.5,"Florida",.507,2.207,-.1,1.6,.2297721,1.420677,-1,2,.4695542,1.851122,-.5,2.5,.000722,1385.001,.85237,1.368426,0,10,.6289541,1.821329,0,11
"FL","blk",4,"read",.829,.0312,.3058603,.045494,.858373,.7130804,2.486663,3.172801,46498.5,"Florida",.378,2.078,-.1,1.6,.1815398,1.155946,-1,2,.3938085,1.484521,-.5,2.5,.0009738,1026.945,.6717991,1.181764,0,10,.5082991,1.483623,0,11
"FL","hsp",4,"math",.514,.0232,.2711655,-.0002244,.5743968,.4703498,1.516872,2.200819,50436.17,"Florida",.143,1.843,-.1,1.6,-.3790149,1.504489,-1,2,.0675631,1.480557,-.5,2.5,.0005366,1863.615,.6213536,1.417812,0,10,.2802785,1.986334,0,11
"FL","hsp",4,"read",.432,.0234,.2726732,.0082477,.5743968,.4703498,1.516872,2.200819,50436.17,"Florida",.051,1.751,-.1,1.6,-.4413069,1.422306,-1,2,-.0339986,1.435674,-.5,2.5,.0005464,1830.243,.5585436,1.320314,0,10,.2325985,1.844095,0,11
"FL","blk",8,"math",.926,.0279,.4343613,-.0393768,.858373,.7130804,2.486663,3.172801,46498.5,"Florida",.431,2.131,-.1,1.6,.1057694,1.473777,-1,2,.4672487,1.820155,-.5,2.5,.0007798,1282.365,.8620538,1.28495,0,10,.5980427,1.855158,0,11
"FL","blk",8,"read",.746,.0263,.3403541,-.0554658,.858373,.7130804,2.486663,3.172801,46498.5,"Florida",.361,2.061,-.1,1.6,.1607846,1.165672,-1,2,.3933816,1.477607,-.5,2.5,.0006922,1444.608,.6902131,1.108518,0,10,.540767,1.400359,0,11
"FL","hsp",8,"math",.532,.0263,.2603008,.0044798,.5743968,.4703498,1.516872,2.200819,50436.17,"Florida",.167,1.867,-.1,1.6,-.2876797,1.450589,-1,2,.147586,1.40787,-.5,2.5,.0006927,1443.646,.6211048,1.476643,0,10,.319176,1.891673,0,11
"FL","hsp",8,"read",.399,.0285,.3205715,-.0000229,.5743968,.4703498,1.516872,2.200819,50436.17,"Florida",-.022,1.678,-.1,1.6,-.4886567,1.399311,-1,2,-.0144324,1.348337,-.5,2.5,.0008109,1233.138,.5188523,1.316976,0,10,.2017192,1.800016,0,11
"GA","blk",4,"math",.942,.0278,.2984305,.0368039,.8065806,.5327737,2.094007,2.84512,47018.25,"Georgia",.507,2.207,-.1,1.6,.2297721,1.420677,-1,2,.4695542,1.851122,-.5,2.5,.0007731,1293.425,.85237,1.368426,0,10,.6289541,1.821329,0,11
"GA","blk",4,"read",.783,.0277,.240792,.0644297,.8065806,.5327737,2.094007,2.84512,47018.25,"Georgia",.378,2.078,-.1,1.6,.1815398,1.155946,-1,2,.3938085,1.484521,-.5,2.5,.0007673,1303.211,.6717991,1.181764,0,10,.5082991,1.483623,0,11
"GA","hsp",4,"read",.6,.0365,.4997683,-.0507055,.8498499,.9278626,1.451482,2.9933,11640.58,"Georgia",.051,1.751,-.1,1.6,-.4413069,1.422306,-1,2,-.0339986,1.435674,-.5,2.5,.0013348,749.1827,.5585436,1.320314,0,10,.2325985,1.844095,0,11
"GA","hsp",4,"math",.62,.0363,.4816485,-.1044768,.8498499,.9278626,1.451482,2.9933,11640.58,"Georgia",.143,1.843,-.1,1.6,-.3790149,1.504489,-1,2,.0675631,1.480557,-.5,2.5,.0013166,759.509,.6213536,1.417812,0,10,.2802785,1.986334,0,11
"GA","blk",8,"math",.907,.0275,.3644629,.0119118,.8065806,.5327737,2.094007,2.84512,47018.25,"Georgia",.431,2.131,-.1,1.6,.1057694,1.473777,-1,2,.4672487,1.820155,-.5,2.5,.000754,1326.331,.8620538,1.28495,0,10,.5980427,1.855158,0,11
"GA","blk",8,"read",.756,.0245,.2667655,.0280759,.8065806,.5327737,2.094007,2.84512,47018.25,"Georgia",.361,2.061,-.1,1.6,.1607846,1.165672,-1,2,.3933816,1.477607,-.5,2.5,.0006008,1664.512,.6902131,1.108518,0,10,.540767,1.400359,0,11
"GA","hsp",8,"read",.553,.0435,.5421163,-.0669564,.8498499,.9278626,1.451482,2.9933,11640.58,"Georgia",-.022,1.678,-.1,1.6,-.4886567,1.399311,-1,2,-.0144324,1.348337,-.5,2.5,.0018939,528.0057,.5188523,1.316976,0,10,.2017192,1.800016,0,11
"GA","hsp",8,"math",.601,.0413,.4623264,-.1285221,.8498499,.9278626,1.451482,2.9933,11640.58,"Georgia",.167,1.867,-.1,1.6,-.2876797,1.450589,-1,2,.147586,1.40787,-.5,2.5,.0017028,587.2794,.6211048,1.476643,0,10,.319176,1.891673,0,11
"HI","blk",4,"math",.61,.0523,-.0507273,.0543298,-.2374928,-.0322561,1.375567,.4413413,331.8333,"Hawaii",.507,2.207,-.1,1.6,.2297721,1.420677,-1,2,.4695542,1.851122,-.5,2.5,.002732,366.0378,.85237,1.368426,0,10,.6289541,1.821329,0,11
"HI","blk",4,"read",.421,.0606,-.0325619,-.023759,-.2374928,-.0322561,1.375567,.4413413,331.8333,"Hawaii",.378,2.078,-.1,1.6,.1815398,1.155946,-1,2,.3938085,1.484521,-.5,2.5,.0036715,272.3659,.6717991,1.181764,0,10,.5082991,1.483623,0,11
"HI","hsp",4,"math",.55,.0456,.4278637,-.1204514,.3843489,.6245438,5.674566,2.279999,645.1667,"Hawaii",.143,1.843,-.1,1.6,-.3790149,1.504489,-1,2,.0675631,1.480557,-.5,2.5,.0020754,481.8315,.6213536,1.417812,0,10,.2802785,1.986334,0,11
"HI","hsp",4,"read",.467,.0492,.3830149,-.0674892,.3843489,.6245438,5.674566,2.279999,645.1667,"Hawaii",.051,1.751,-.1,1.6,-.4413069,1.422306,-1,2,-.0339986,1.435674,-.5,2.5,.0024225,412.8011,.5585436,1.320314,0,10,.2325985,1.844095,0,11
"HI","blk",8,"math",.362,.0664,-.0741221,-.0947038,-.2374928,-.0322561,1.375567,.4413413,331.8333,"Hawaii",.431,2.131,-.1,1.6,.1057694,1.473777,-1,2,.4672487,1.820155,-.5,2.5,.004412,226.6528,.8620538,1.28495,0,10,.5980427,1.855158,0,11
"HI","blk",8,"read",.348,.0612,-.027476,-.0849334,-.2374928,-.0322561,1.375567,.4413413,331.8333,"Hawaii",.361,2.061,-.1,1.6,.1607846,1.165672,-1,2,.3933816,1.477607,-.5,2.5,.0037484,266.7805,.6902131,1.108518,0,10,.540767,1.400359,0,11
"HI","hsp",8,"math",.479,.0537,.401056,-.1891756,.3843489,.6245438,5.674566,2.279999,645.1667,"Hawaii",.167,1.867,-.1,1.6,-.2876797,1.450589,-1,2,.147586,1.40787,-.5,2.5,.0028878,346.2882,.6211048,1.476643,0,10,.319176,1.891673,0,11
"HI","hsp",8,"read",.471,.0559,.4204615,-.0273547,.3843489,.6245438,5.674566,2.279999,645.1667,"Hawaii",-.022,1.678,-.1,1.6,-.4886567,1.399311,-1,2,-.0144324,1.348337,-.5,2.5,.0031247,320.028,.5188523,1.316976,0,10,.2017192,1.800016,0,11
"ID","blk",4,"math",.606,.0845,-.1059661,.1052974,.2571222,-.3441571,.1709696,.8220228,215.0833,"Idaho",.507,2.207,-.1,1.6,.2297721,1.420677,-1,2,.4695542,1.851122,-.5,2.5,.0071451,139.9555,.85237,1.368426,0,10,.6289541,1.821329,0,11
"ID","blk",4,"read",.509,.0907,-.1013811,.1321873,.2571222,-.3441571,.1709696,.8220228,215.0833,"Idaho",.378,2.078,-.1,1.6,.1815398,1.155946,-1,2,.3938085,1.484521,-.5,2.5,.0082337,121.4524,.6717991,1.181764,0,10,.5082991,1.483623,0,11
"ID","hsp",4,"math",.783,.0305,.6011633,-.0615073,.845617,1.173325,1.367568,3.454026,2891.167,"Idaho",.143,1.843,-.1,1.6,-.3790149,1.504489,-1,2,.0675631,1.480557,-.5,2.5,.000933,1071.85,.6213536,1.417812,0,10,.2802785,1.986334,0,11
"ID","hsp",4,"read",.729,.028,.6288811,-.0506333,.845617,1.173325,1.367568,3.454026,2891.167,"Idaho",.051,1.751,-.1,1.6,-.4413069,1.422306,-1,2,-.0339986,1.435674,-.5,2.5,.0007818,1279.133,.5585436,1.320314,0,10,.2325985,1.844095,0,11
"ID","blk",8,"math",.567,.0929,-.0501526,.0863239,.2571222,-.3441571,.1709696,.8220228,215.0833,"Idaho",.431,2.131,-.1,1.6,.1057694,1.473777,-1,2,.4672487,1.820155,-.5,2.5,.0086339,115.8226,.8620538,1.28495,0,10,.5980427,1.855158,0,11
"ID","blk",8,"read",.358,.092,-.1154763,.0128981,.2571222,-.3441571,.1709696,.8220228,215.0833,"Idaho",.361,2.061,-.1,1.6,.1607846,1.165672,-1,2,.3933816,1.477607,-.5,2.5,.008459,118.217,.6902131,1.108518,0,10,.540767,1.400359,0,11
"ID","hsp",8,"read",.71,.0328,.6357559,-.0034088,.845617,1.173325,1.367568,3.454026,2891.167,"Idaho",-.022,1.678,-.1,1.6,-.4886567,1.399311,-1,2,-.0144324,1.348337,-.5,2.5,.0010756,929.7142,.5188523,1.316976,0,10,.2017192,1.800016,0,11
"ID","hsp",8,"math",.798,.0287,.5783899,-.0476779,.845617,1.173325,1.367568,3.454026,2891.167,"Idaho",.167,1.867,-.1,1.6,-.2876797,1.450589,-1,2,.147586,1.40787,-.5,2.5,.0008226,1215.619,.6211048,1.476643,0,10,.319176,1.891673,0,11
"IL","blk",4,"math",1.18,.0329,.4383343,.136022,.9603525,.7374323,2.016448,3.991344,30565.17,"Illinois",.507,2.207,-.1,1.6,.2297721,1.420677,-1,2,.4695542,1.851122,-.5,2.5,.0010823,923.9712,.85237,1.368426,0,10,.6289541,1.821329,0,11
"IL","blk",4,"read",.977,.0328,.3595751,.1398178,.9603525,.7374323,2.016448,3.991344,30565.17,"Illinois",.378,2.078,-.1,1.6,.1815398,1.155946,-1,2,.3938085,1.484521,-.5,2.5,.0010784,927.3148,.6717991,1.181764,0,10,.5082991,1.483623,0,11
"IL","hsp",4,"read",.789,.0303,.5371574,.1001724,.7953932,1.074001,1.412595,2.877613,31706.17,"Illinois",.051,1.751,-.1,1.6,-.4413069,1.422306,-1,2,-.0339986,1.435674,-.5,2.5,.0009194,1087.642,.5585436,1.320314,0,10,.2325985,1.844095,0,11
"IL","hsp",4,"math",.856,.0315,.506689,.1063009,.7953932,1.074001,1.412595,2.877613,31706.17,"Illinois",.143,1.843,-.1,1.6,-.3790149,1.504489,-1,2,.0675631,1.480557,-.5,2.5,.0009894,1010.733,.6213536,1.417812,0,10,.2802785,1.986334,0,11
"IL","blk",8,"read",.912,.0292,.3669116,.0843141,.9603525,.7374323,2.016448,3.991344,30565.17,"Illinois",.361,2.061,-.1,1.6,.1607846,1.165672,-1,2,.3933816,1.477607,-.5,2.5,.0008502,1176.215,.6902131,1.108518,0,10,.540767,1.400359,0,11
"IL","blk",8,"math",1.18,.0308,.5027092,.1429326,.9603525,.7374323,2.016448,3.991344,30565.17,"Illinois",.431,2.131,-.1,1.6,.1057694,1.473777,-1,2,.4672487,1.820155,-.5,2.5,.0009462,1056.863,.8620538,1.28495,0,10,.5980427,1.855158,0,11
"IL","hsp",8,"math",.792,.0305,.4842207,.0403513,.7953932,1.074001,1.412595,2.877613,31706.17,"Illinois",.167,1.867,-.1,1.6,-.2876797,1.450589,-1,2,.147586,1.40787,-.5,2.5,.0009311,1074.008,.6211048,1.476643,0,10,.319176,1.891673,0,11
"IL","hsp",8,"read",.667,.0291,.5597228,.0290979,.7953932,1.074001,1.412595,2.877613,31706.17,"Illinois",-.022,1.678,-.1,1.6,-.4886567,1.399311,-1,2,-.0144324,1.348337,-.5,2.5,.0008464,1181.527,.5188523,1.316976,0,10,.2017192,1.800016,0,11
"IN","blk",4,"read",.751,.0389,.2956984,-.0222506,1.048456,.6570114,2.410219,3.259629,9888.75,"Indiana",.378,2.078,-.1,1.6,.1815398,1.155946,-1,2,.3938085,1.484521,-.5,2.5,.0015109,661.8447,.6717991,1.181764,0,10,.5082991,1.483623,0,11
"IN","blk",4,"math",1.02,.0365,.3683024,.0408981,1.048456,.6570114,2.410219,3.259629,9888.75,"Indiana",.507,2.207,-.1,1.6,.2297721,1.420677,-1,2,.4695542,1.851122,-.5,2.5,.0013289,752.4879,.85237,1.368426,0,10,.6289541,1.821329,0,11
"IN","hsp",4,"read",.55,.0349,.4586554,-.0597412,.7508669,1.05546,1.376407,2.181787,5234,"Indiana",.051,1.751,-.1,1.6,-.4413069,1.422306,-1,2,-.0339986,1.435674,-.5,2.5,.0012178,821.144,.5585436,1.320314,0,10,.2325985,1.844095,0,11
"IN","hsp",4,"math",.586,.0395,.4170197,-.0744332,.7508669,1.05546,1.376407,2.181787,5234,"Indiana",.143,1.843,-.1,1.6,-.3790149,1.504489,-1,2,.0675631,1.480557,-.5,2.5,.0015579,641.9026,.6213536,1.417812,0,10,.2802785,1.986334,0,11
"IN","blk",8,"read",.766,.0384,.3316778,-.026687,1.048456,.6570114,2.410219,3.259629,9888.75,"Indiana",.361,2.061,-.1,1.6,.1607846,1.165672,-1,2,.3933816,1.477607,-.5,2.5,.0014721,679.3211,.6902131,1.108518,0,10,.540767,1.400359,0,11
"IN","blk",8,"math",.931,.0396,.4575102,-.0568327,1.048456,.6570114,2.410219,3.259629,9888.75,"Indiana",.431,2.131,-.1,1.6,.1057694,1.473777,-1,2,.4672487,1.820155,-.5,2.5,.0015662,638.4956,.8620538,1.28495,0,10,.5980427,1.855158,0,11
"IN","hsp",8,"read",.5,.0483,.4943144,-.0726253,.7508669,1.05546,1.376407,2.181787,5234,"Indiana",-.022,1.678,-.1,1.6,-.4886567,1.399311,-1,2,-.0144324,1.348337,-.5,2.5,.0023292,429.328,.5188523,1.316976,0,10,.2017192,1.800016,0,11
"IN","hsp",8,"math",.628,.0436,.3929386,-.032245,.7508669,1.05546,1.376407,2.181787,5234,"Indiana",.167,1.867,-.1,1.6,-.2876797,1.450589,-1,2,.147586,1.40787,-.5,2.5,.0019008,526.0922,.6211048,1.476643,0,10,.319176,1.891673,0,11
"IA","blk",4,"read",.804,.0446,.401638,-.0753952,1.212766,.6299103,3.086743,4.465579,1830,"Iowa",.378,2.078,-.1,1.6,.1815398,1.155946,-1,2,.3938085,1.484521,-.5,2.5,.0019879,503.0381,.6717991,1.181764,0,10,.5082991,1.483623,0,11
"IA","blk",4,"math",.892,.0452,.4563129,-.1714993,1.212766,.6299103,3.086743,4.465579,1830,"Iowa",.507,2.207,-.1,1.6,.2297721,1.420677,-1,2,.4695542,1.851122,-.5,2.5,.0020454,488.9113,.85237,1.368426,0,10,.6289541,1.821329,0,11
"IA","hsp",4,"math",.706,.0377,.5470051,-.0843919,.8595196,1.128286,1.551256,3.07391,2391.917,"Iowa",.143,1.843,-.1,1.6,-.3790149,1.504489,-1,2,.0675631,1.480557,-.5,2.5,.0014188,704.8234,.6213536,1.417812,0,10,.2802785,1.986334,0,11
"IA","hsp",4,"read",.615,.0345,.5756203,-.1114047,.8595196,1.128286,1.551256,3.07391,2391.917,"Iowa",.051,1.751,-.1,1.6,-.4413069,1.422306,-1,2,-.0339986,1.435674,-.5,2.5,.0011916,839.234,.5585436,1.320314,0,10,.2325985,1.844095,0,11
"IA","blk",8,"read",.743,.0481,.3820481,-.0994443,1.212766,.6299103,3.086743,4.465579,1830,"Iowa",.361,2.061,-.1,1.6,.1607846,1.165672,-1,2,.3933816,1.477607,-.5,2.5,.0023137,432.2101,.6902131,1.108518,0,10,.540767,1.400359,0,11
"IA","blk",8,"math",.963,.0486,.5706181,-.1383386,1.212766,.6299103,3.086743,4.465579,1830,"Iowa",.431,2.131,-.1,1.6,.1057694,1.473777,-1,2,.4672487,1.820155,-.5,2.5,.0023623,423.3083,.8620538,1.28495,0,10,.5980427,1.855158,0,11
"IA","hsp",8,"math",.743,.0439,.5232273,-.0474694,.8595196,1.128286,1.551256,3.07391,2391.917,"Iowa",.167,1.867,-.1,1.6,-.2876797,1.450589,-1,2,.147586,1.40787,-.5,2.5,.0019308,517.9319,.6211048,1.476643,0,10,.319176,1.891673,0,11
"IA","hsp",8,"read",.579,.0478,.6023474,-.1017783,.8595196,1.128286,1.551256,3.07391,2391.917,"Iowa",-.022,1.678,-.1,1.6,-.4886567,1.399311,-1,2,-.0144324,1.348337,-.5,2.5,.0022804,438.521,.5188523,1.316976,0,10,.2017192,1.800016,0,11
"KS","blk",4,"read",.755,.0403,.3152753,-.0384424,1.06405,.7825003,2.030313,3.382873,2930.75,"Kansas",.378,2.078,-.1,1.6,.1815398,1.155946,-1,2,.3938085,1.484521,-.5,2.5,.0016273,614.5091,.6717991,1.181764,0,10,.5082991,1.483623,0,11
"KS","blk",4,"math",.966,.0362,.4082668,-.0487461,1.06405,.7825003,2.030313,3.382873,2930.75,"Kansas",.507,2.207,-.1,1.6,.2297721,1.420677,-1,2,.4695542,1.851122,-.5,2.5,.0013102,763.2518,.85237,1.368426,0,10,.6289541,1.821329,0,11
"KS","hsp",4,"read",.624,.0327,.5983886,-.1259707,.9646821,1.069634,1.883488,3.467804,4697.917,"Kansas",.051,1.751,-.1,1.6,-.4413069,1.422306,-1,2,-.0339986,1.435674,-.5,2.5,.0010698,934.7904,.5585436,1.320314,0,10,.2325985,1.844095,0,11
"KS","hsp",4,"math",.694,.0334,.5851896,-.1340844,.9646821,1.069634,1.883488,3.467804,4697.917,"Kansas",.143,1.843,-.1,1.6,-.3790149,1.504489,-1,2,.0675631,1.480557,-.5,2.5,.0011131,898.4282,.6213536,1.417812,0,10,.2802785,1.986334,0,11
"KS","blk",8,"read",.828,.0421,.3649011,.0023296,1.06405,.7825003,2.030313,3.382873,2930.75,"Kansas",.361,2.061,-.1,1.6,.1607846,1.165672,-1,2,.3933816,1.477607,-.5,2.5,.0017759,563.0996,.6902131,1.108518,0,10,.540767,1.400359,0,11
"KS","blk",8,"math",.962,.0448,.4854334,-.0542664,1.06405,.7825003,2.030313,3.382873,2930.75,"Kansas",.431,2.131,-.1,1.6,.1057694,1.473777,-1,2,.4672487,1.820155,-.5,2.5,.0020065,498.3912,.8620538,1.28495,0,10,.5980427,1.855158,0,11
"KS","hsp",8,"read",.682,.0392,.6427756,-.0388217,.9646821,1.069634,1.883488,3.467804,4697.917,"Kansas",-.022,1.678,-.1,1.6,-.4886567,1.399311,-1,2,-.0144324,1.348337,-.5,2.5,.0015398,649.442,.5188523,1.316976,0,10,.2017192,1.800016,0,11
"KS","hsp",8,"math",.742,.0367,.5623623,-.0875088,.9646821,1.069634,1.883488,3.467804,4697.917,"Kansas",.167,1.867,-.1,1.6,-.2876797,1.450589,-1,2,.147586,1.40787,-.5,2.5,.0013442,743.9163,.6211048,1.476643,0,10,.319176,1.891673,0,11
"KY","blk",4,"read",.643,.0333,.1628862,.0020401,.7446758,.4695863,1.62551,2.140601,5200.083,"Kentucky",.378,2.078,-.1,1.6,.1815398,1.155946,-1,2,.3938085,1.484521,-.5,2.5,.0011071,903.2773,.6717991,1.181764,0,10,.5082991,1.483623,0,11
"KY","blk",4,"math",.717,.0313,.2260299,-.1159603,.7446758,.4695863,1.62551,2.140601,5200.083,"Kentucky",.507,2.207,-.1,1.6,.2297721,1.420677,-1,2,.4695542,1.851122,-.5,2.5,.0009821,1018.185,.85237,1.368426,0,10,.6289541,1.821329,0,11
"KY","hsp",4,"read",.265,.0541,.3258589,-.2117677,.6078811,.6092536,1.325004,2.296689,1302.417,"Kentucky",.051,1.751,-.1,1.6,-.4413069,1.422306,-1,2,-.0339986,1.435674,-.5,2.5,.0029249,341.8964,.5585436,1.320314,0,10,.2325985,1.844095,0,11
"KY","hsp",4,"math",.479,.0512,.3143465,-.0787459,.6078811,.6092536,1.325004,2.296689,1302.417,"Kentucky",.143,1.843,-.1,1.6,-.3790149,1.504489,-1,2,.0675631,1.480557,-.5,2.5,.0026193,381.7816,.6213536,1.417812,0,10,.2802785,1.986334,0,11
"KY","blk",8,"math",.751,.03,.2877536,-.0680421,.7446758,.4695863,1.62551,2.140601,5200.083,"Kentucky",.431,2.131,-.1,1.6,.1057694,1.473777,-1,2,.4672487,1.820155,-.5,2.5,.0009021,1108.567,.8620538,1.28495,0,10,.5980427,1.855158,0,11
"KY","blk",8,"read",.704,.0335,.2137383,.0295297,.7446758,.4695863,1.62551,2.140601,5200.083,"Kentucky",.361,2.061,-.1,1.6,.1607846,1.165672,-1,2,.3933816,1.477607,-.5,2.5,.0011218,891.3992,.6902131,1.108518,0,10,.540767,1.400359,0,11
"KY","hsp",8,"read",.322,.0605,.3644668,-.1202659,.6078811,.6092536,1.325004,2.296689,1302.417,"Kentucky",-.022,1.678,-.1,1.6,-.4886567,1.399311,-1,2,-.0144324,1.348337,-.5,2.5,.0036653,272.8268,.5188523,1.316976,0,10,.2017192,1.800016,0,11
"KY","hsp",8,"math",.55,.0528,.3012595,-.0183808,.6078811,.6092536,1.325004,2.296689,1302.417,"Kentucky",.167,1.867,-.1,1.6,-.2876797,1.450589,-1,2,.147586,1.40787,-.5,2.5,.0027874,358.7526,.6211048,1.476643,0,10,.319176,1.891673,0,11
"LA","blk",4,"read",.822,.029,.396313,-.0523582,1.007059,.6409039,4.822676,3.705328,27256.08,"Louisiana",.378,2.078,-.1,1.6,.1815398,1.155946,-1,2,.3938085,1.484521,-.5,2.5,.000843,1186.268,.6717991,1.181764,0,10,.5082991,1.483623,0,11
"LA","blk",4,"math",.951,.0282,.4128711,-.068398,1.007059,.6409039,4.822676,3.705328,27256.08,"Louisiana",.507,2.207,-.1,1.6,.2297721,1.420677,-1,2,.4695542,1.851122,-.5,2.5,.0007968,1255.078,.85237,1.368426,0,10,.6289541,1.821329,0,11
"LA","hsp",4,"read",.358,.0564,.2869365,-.080238,.5748684,.5260753,2.512885,2.056396,1311,"Louisiana",.051,1.751,-.1,1.6,-.4413069,1.422306,-1,2,-.0339986,1.435674,-.5,2.5,.0031808,314.3845,.5585436,1.320314,0,10,.2325985,1.844095,0,11
"LA","hsp",4,"math",.418,.0574,.2927305,-.1173606,.5748684,.5260753,2.512885,2.056396,1311,"Louisiana",.143,1.843,-.1,1.6,-.3790149,1.504489,-1,2,.0675631,1.480557,-.5,2.5,.003292,303.7664,.6213536,1.417812,0,10,.2802785,1.986334,0,11
"LA","blk",8,"math",.908,.0278,.5173434,-.1397827,1.007059,.6409039,4.822676,3.705328,27256.08,"Louisiana",.431,2.131,-.1,1.6,.1057694,1.473777,-1,2,.4672487,1.820155,-.5,2.5,.0007734,1292.935,.8620538,1.28495,0,10,.5980427,1.855158,0,11
"LA","blk",8,"read",.784,.0282,.391121,-.0683559,1.007059,.6409039,4.822676,3.705328,27256.08,"Louisiana",.361,2.061,-.1,1.6,.1607846,1.165672,-1,2,.3933816,1.477607,-.5,2.5,.0007972,1254.375,.6902131,1.108518,0,10,.540767,1.400359,0,11
"LA","hsp",8,"read",.346,.0605,.3451061,-.0769517,.5748684,.5260753,2.512885,2.056396,1311,"Louisiana",-.022,1.678,-.1,1.6,-.4886567,1.399311,-1,2,-.0144324,1.348337,-.5,2.5,.0036602,273.2097,.5188523,1.316976,0,10,.2017192,1.800016,0,11
"LA","hsp",8,"math",.438,.0625,.2768396,-.1056986,.5748684,.5260753,2.512885,2.056396,1311,"Louisiana",.167,1.867,-.1,1.6,-.2876797,1.450589,-1,2,.147586,1.40787,-.5,2.5,.0039124,255.5963,.6211048,1.476643,0,10,.319176,1.891673,0,11
"ME","blk",4,"math",.76,.0615,.3047298,-.1516954,.7725583,.6094468,2.098207,2.657912,324.1944,"Maine",.507,2.207,-.1,1.6,.2297721,1.420677,-1,2,.4695542,1.851122,-.5,2.5,.0037833,264.3222,.85237,1.368426,0,10,.6289541,1.821329,0,11
"ME","blk",4,"read",.569,.072,.239487,-.1486033,.7725583,.6094468,2.098207,2.657912,324.1944,"Maine",.378,2.078,-.1,1.6,.1815398,1.155946,-1,2,.3938085,1.484521,-.5,2.5,.0051856,192.8435,.6717991,1.181764,0,10,.5082991,1.483623,0,11
"ME","hsp",4,"math",.535,.0937,.2022196,.0896295,.378592,.2350523,1.332652,2.149165,169.3611,"Maine",.143,1.843,-.1,1.6,-.3790149,1.504489,-1,2,.0675631,1.480557,-.5,2.5,.0087851,113.8287,.6213536,1.417812,0,10,.2802785,1.986334,0,11
"ME","hsp",4,"read",.326,.0844,.1923455,-.0179256,.378592,.2350523,1.332652,2.149165,169.3611,"Maine",.051,1.751,-.1,1.6,-.4413069,1.422306,-1,2,-.0339986,1.435674,-.5,2.5,.0071196,140.4565,.5585436,1.320314,0,10,.2325985,1.844095,0,11
"ME","blk",8,"read",.575,.0751,.2822897,-.1678999,.7725583,.6094468,2.098207,2.657912,324.1944,"Maine",.361,2.061,-.1,1.6,.1607846,1.165672,-1,2,.3933816,1.477607,-.5,2.5,.0056423,177.2335,.6902131,1.108518,0,10,.540767,1.400359,0,11
"ME","blk",8,"math",.701,.0649,.3607757,-.1907668,.7725583,.6094468,2.098207,2.657912,324.1944,"Maine",.431,2.131,-.1,1.6,.1057694,1.473777,-1,2,.4672487,1.820155,-.5,2.5,.0042165,237.162,.8620538,1.28495,0,10,.5980427,1.855158,0,11
"ME","hsp",8,"read",.328,.0978,.2190774,.0304737,.378592,.2350523,1.332652,2.149165,169.3611,"Maine",-.022,1.678,-.1,1.6,-.4886567,1.399311,-1,2,-.0144324,1.348337,-.5,2.5,.0095574,104.6313,.5188523,1.316976,0,10,.2017192,1.800016,0,11
"ME","hsp",8,"math",.511,.0977,.1979295,.0453207,.378592,.2350523,1.332652,2.149165,169.3611,"Maine",.167,1.867,-.1,1.6,-.2876797,1.450589,-1,2,.147586,1.40787,-.5,2.5,.0095474,104.7409,.6211048,1.476643,0,10,.319176,1.891673,0,11
"MD","blk",4,"math",1.07,.028,.3102156,.155746,.6772848,.4228107,1.866096,3.467895,23779.08,"Maryland",.507,2.207,-.1,1.6,.2297721,1.420677,-1,2,.4695542,1.851122,-.5,2.5,.000784,1275.505,.85237,1.368426,0,10,.6289541,1.821329,0,11
"MD","blk",4,"read",.927,.0299,.2705152,.178764,.6772848,.4228107,1.866096,3.467895,23779.08,"Maryland",.378,2.078,-.1,1.6,.1815398,1.155946,-1,2,.3938085,1.484521,-.5,2.5,.0008951,1117.148,.6717991,1.181764,0,10,.5082991,1.483623,0,11
"MD","hsp",4,"math",.673,.0382,.3785563,.0510768,.6754234,.8227975,1.201752,2.394785,5506.917,"Maryland",.143,1.843,-.1,1.6,-.3790149,1.504489,-1,2,.0675631,1.480557,-.5,2.5,.0014596,685.1227,.6213536,1.417812,0,10,.2802785,1.986334,0,11
"MD","hsp",4,"read",.615,.0394,.4039011,.0597619,.6754234,.8227975,1.201752,2.394785,5506.917,"Maryland",.051,1.751,-.1,1.6,-.4413069,1.422306,-1,2,-.0339986,1.435674,-.5,2.5,.0015492,645.4757,.5585436,1.320314,0,10,.2325985,1.844095,0,11
"MD","blk",8,"math",1.04,.0288,.3633941,.1480356,.6772848,.4228107,1.866096,3.467895,23779.08,"Maryland",.431,2.131,-.1,1.6,.1057694,1.473777,-1,2,.4672487,1.820155,-.5,2.5,.0008278,1208.082,.8620538,1.28495,0,10,.5980427,1.855158,0,11
"MD","blk",8,"read",.851,.0306,.2446669,.1456232,.6772848,.4228107,1.866096,3.467895,23779.08,"Maryland",.361,2.061,-.1,1.6,.1607846,1.165672,-1,2,.3933816,1.477607,-.5,2.5,.0009358,1068.613,.6902131,1.108518,0,10,.540767,1.400359,0,11
"MD","hsp",8,"read",.578,.0516,.4347607,.0652068,.6754234,.8227975,1.201752,2.394785,5506.917,"Maryland",-.022,1.678,-.1,1.6,-.4886567,1.399311,-1,2,-.0144324,1.348337,-.5,2.5,.0026674,374.8973,.5188523,1.316976,0,10,.2017192,1.800016,0,11
"MD","hsp",8,"math",.767,.0442,.3612273,.1385344,.6754234,.8227975,1.201752,2.394785,5506.917,"Maryland",.167,1.867,-.1,1.6,-.2876797,1.450589,-1,2,.147586,1.40787,-.5,2.5,.0019563,511.1809,.6211048,1.476643,0,10,.319176,1.891673,0,11
"MA","blk",4,"math",1.02,.0366,.3657523,.0491503,.9942313,.706709,1.224273,3.172704,6165.833,"Massachusetts",.507,2.207,-.1,1.6,.2297721,1.420677,-1,2,.4695542,1.851122,-.5,2.5,.0013425,744.8994,.85237,1.368426,0,10,.6289541,1.821329,0,11
"MA","blk",4,"read",.917,.0348,.2659999,.1728409,.9942313,.706709,1.224273,3.172704,6165.833,"Massachusetts",.378,2.078,-.1,1.6,.1815398,1.155946,-1,2,.3938085,1.484521,-.5,2.5,.0012084,827.5532,.6717991,1.181764,0,10,.5082991,1.483623,0,11
"MA","hsp",4,"read",1.01,.0337,.8095045,.0457005,1.275151,1.212247,2.059003,5.086585,9836,"Massachusetts",.051,1.751,-.1,1.6,-.4413069,1.422306,-1,2,-.0339986,1.435674,-.5,2.5,.0011332,882.4332,.5585436,1.320314,0,10,.2325985,1.844095,0,11
"MA","hsp",4,"math",1.03,.0389,.8177984,-.0332225,1.275151,1.212247,2.059003,5.086585,9836,"Massachusetts",.143,1.843,-.1,1.6,-.3790149,1.504489,-1,2,.0675631,1.480557,-.5,2.5,.00151,662.2442,.6213536,1.417812,0,10,.2802785,1.986334,0,11
"MA","blk",8,"math",1.01,.0336,.433551,.0418063,.9942313,.706709,1.224273,3.172704,6165.833,"Massachusetts",.431,2.131,-.1,1.6,.1057694,1.473777,-1,2,.4672487,1.820155,-.5,2.5,.0011258,888.2285,.8620538,1.28495,0,10,.5980427,1.855158,0,11
"MA","blk",8,"read",.858,.0354,.3162861,.0812693,.9942313,.706709,1.224273,3.172704,6165.833,"Massachusetts",.361,2.061,-.1,1.6,.1607846,1.165672,-1,2,.3933816,1.477607,-.5,2.5,.0012543,797.2813,.6902131,1.108518,0,10,.540767,1.400359,0,11
"MA","hsp",8,"math",1.01,.0341,.7951694,-.05401,1.275151,1.212247,2.059003,5.086585,9836,"Massachusetts",.167,1.867,-.1,1.6,-.2876797,1.450589,-1,2,.147586,1.40787,-.5,2.5,.0011657,857.8287,.6211048,1.476643,0,10,.319176,1.891673,0,11
"MA","hsp",8,"read",.97,.0387,.8584165,.0339168,1.275151,1.212247,2.059003,5.086585,9836,"Massachusetts",-.022,1.678,-.1,1.6,-.4886567,1.399311,-1,2,-.0144324,1.348337,-.5,2.5,.0014996,666.8422,.5188523,1.316976,0,10,.2017192,1.800016,0,11
"MI","blk",4,"math",1.21,.0354,.3750533,.2292356,.9261348,.5996057,1.892352,3.646388,24447,"Michigan",.507,2.207,-.1,1.6,.2297721,1.420677,-1,2,.4695542,1.851122,-.5,2.5,.0012502,799.8533,.85237,1.368426,0,10,.6289541,1.821329,0,11
"MI","blk",4,"read",.988,.0372,.3069113,.2035691,.9261348,.5996057,1.892352,3.646388,24447,"Michigan",.378,2.078,-.1,1.6,.1815398,1.155946,-1,2,.3938085,1.484521,-.5,2.5,.0013863,721.3557,.6717991,1.181764,0,10,.5082991,1.483623,0,11
"MI","hsp",4,"math",.649,.0506,.3959771,.0099947,.6722361,.7558756,1.43695,2.635786,5971.833,"Michigan",.143,1.843,-.1,1.6,-.3790149,1.504489,-1,2,.0675631,1.480557,-.5,2.5,.0025654,389.8023,.6213536,1.417812,0,10,.2802785,1.986334,0,11
"MI","hsp",4,"read",.589,.0438,.4096882,.0277982,.6722361,.7558756,1.43695,2.635786,5971.833,"Michigan",.051,1.751,-.1,1.6,-.4413069,1.422306,-1,2,-.0339986,1.435674,-.5,2.5,.0019171,521.6159,.5585436,1.320314,0,10,.2325985,1.844095,0,11
"MI","blk",8,"read",.899,.0384,.311629,.1269982,.9261348,.5996057,1.892352,3.646388,24447,"Michigan",.361,2.061,-.1,1.6,.1607846,1.165672,-1,2,.3933816,1.477607,-.5,2.5,.0014711,679.7582,.6902131,1.108518,0,10,.540767,1.400359,0,11
"MI","blk",8,"math",1.18,.0368,.4464604,.1982967,.9261348,.5996057,1.892352,3.646388,24447,"Michigan",.431,2.131,-.1,1.6,.1057694,1.473777,-1,2,.4672487,1.820155,-.5,2.5,.0013565,737.1752,.8620538,1.28495,0,10,.5980427,1.855158,0,11
"MI","hsp",8,"math",.665,.0504,.3801525,.0173328,.6722361,.7558756,1.43695,2.635786,5971.833,"Michigan",.167,1.867,-.1,1.6,-.2876797,1.450589,-1,2,.147586,1.40787,-.5,2.5,.0025375,394.0927,.6211048,1.476643,0,10,.319176,1.891673,0,11
"MI","hsp",8,"read",.481,.0524,.4404561,-.0370509,.6722361,.7558756,1.43695,2.635786,5971.833,"Michigan",-.022,1.678,-.1,1.6,-.4886567,1.399311,-1,2,-.0144324,1.348337,-.5,2.5,.0027458,364.1903,.5188523,1.316976,0,10,.2017192,1.800016,0,11
"MN","blk",4,"read",.93,.0407,.5513411,-.0988867,1.3228,.8675611,2.995815,5.917171,5417.25,"Minnesota",.378,2.078,-.1,1.6,.1815398,1.155946,-1,2,.3938085,1.484521,-.5,2.5,.0016585,602.9542,.6717991,1.181764,0,10,.5082991,1.483623,0,11
"MN","blk",4,"math",1.06,.0428,.6262483,-.168244,1.3228,.8675611,2.995815,5.917171,5417.25,"Minnesota",.507,2.207,-.1,1.6,.2297721,1.420677,-1,2,.4695542,1.851122,-.5,2.5,.0018323,545.7703,.85237,1.368426,0,10,.6289541,1.821329,0,11
"MN","hsp",4,"read",.851,.0435,.5804718,.119362,1.007104,.7801977,1.796182,4.231478,3711.833,"Minnesota",.051,1.751,-.1,1.6,-.4413069,1.422306,-1,2,-.0339986,1.435674,-.5,2.5,.0018901,529.0656,.5585436,1.320314,0,10,.2325985,1.844095,0,11
"MN","hsp",4,"math",.934,.0423,.5982517,.0927227,1.007104,.7801977,1.796182,4.231478,3711.833,"Minnesota",.143,1.843,-.1,1.6,-.3790149,1.504489,-1,2,.0675631,1.480557,-.5,2.5,.0017859,559.9532,.6213536,1.417812,0,10,.2802785,1.986334,0,11
"MN","blk",8,"math",1.18,.0481,.7289836,-.0823035,1.3228,.8675611,2.995815,5.917171,5417.25,"Minnesota",.431,2.131,-.1,1.6,.1057694,1.473777,-1,2,.4672487,1.820155,-.5,2.5,.0023183,431.3544,.8620538,1.28495,0,10,.5980427,1.855158,0,11
"MN","blk",8,"read",.909,.0453,.4997118,-.051108,1.3228,.8675611,2.995815,5.917171,5417.25,"Minnesota",.361,2.061,-.1,1.6,.1607846,1.165672,-1,2,.3933816,1.477607,-.5,2.5,.0020564,486.2819,.6902131,1.108518,0,10,.540767,1.400359,0,11
"MN","hsp",8,"read",.77,.0541,.6328784,.0587367,1.007104,.7801977,1.796182,4.231478,3711.833,"Minnesota",-.022,1.678,-.1,1.6,-.4886567,1.399311,-1,2,-.0144324,1.348337,-.5,2.5,.0029256,341.8142,.5188523,1.316976,0,10,.2017192,1.800016,0,11
"MN","hsp",8,"math",.955,.0505,.5843704,.1035601,1.007104,.7801977,1.796182,4.231478,3711.833,"Minnesota",.167,1.867,-.1,1.6,-.2876797,1.450589,-1,2,.147586,1.40787,-.5,2.5,.0025517,391.8936,.6211048,1.476643,0,10,.319176,1.891673,0,11
"MS","blk",4,"math",.987,.026,.3787367,.0013805,1.010565,.6544219,4.101821,3.255023,19019.83,"Mississippi",.507,2.207,-.1,1.6,.2297721,1.420677,-1,2,.4695542,1.851122,-.5,2.5,.000678,1474.936,.85237,1.368426,0,10,.6289541,1.821329,0,11
"MS","blk",4,"read",.839,.0267,.3424728,.0190066,1.010565,.6544219,4.101821,3.255023,19019.83,"Mississippi",.378,2.078,-.1,1.6,.1815398,1.155946,-1,2,.3938085,1.484521,-.5,2.5,.0007154,1397.873,.6717991,1.181764,0,10,.5082991,1.483623,0,11
"MS","hsp",4,"read",.485,.0624,.3091966,.0242116,.5717338,.6297609,1.94882,1.998907,671.3333,"Mississippi",.051,1.751,-.1,1.6,-.4413069,1.422306,-1,2,-.0339986,1.435674,-.5,2.5,.0038932,256.8567,.5585436,1.320314,0,10,.2325985,1.844095,0,11
"MS","hsp",4,"math",.532,.0615,.2995653,-.0104472,.5717338,.6297609,1.94882,1.998907,671.3333,"Mississippi",.143,1.843,-.1,1.6,-.3790149,1.504489,-1,2,.0675631,1.480557,-.5,2.5,.0037787,264.6425,.6213536,1.417812,0,10,.2802785,1.986334,0,11
"MS","blk",8,"math",1.01,.0258,.4780706,.003939,1.010565,.6544219,4.101821,3.255023,19019.83,"Mississippi",.431,2.131,-.1,1.6,.1057694,1.473777,-1,2,.4672487,1.820155,-.5,2.5,.0006655,1502.717,.8620538,1.28495,0,10,.5980427,1.855158,0,11
"MS","blk",8,"read",.875,.0249,.365591,.0487229,1.010565,.6544219,4.101821,3.255023,19019.83,"Mississippi",.361,2.061,-.1,1.6,.1607846,1.165672,-1,2,.3933816,1.477607,-.5,2.5,.0006176,1619.094,.6902131,1.108518,0,10,.540767,1.400359,0,11
"MS","hsp",8,"read",.446,.0743,.3542535,.0141648,.5717338,.6297609,1.94882,1.998907,671.3333,"Mississippi",-.022,1.678,-.1,1.6,-.4886567,1.399311,-1,2,-.0144324,1.348337,-.5,2.5,.0055218,181.0993,.5188523,1.316976,0,10,.2017192,1.800016,0,11
"MS","hsp",8,"math",.432,.0721,.2831284,-.1184234,.5717338,.6297609,1.94882,1.998907,671.3333,"Mississippi",.167,1.867,-.1,1.6,-.2876797,1.450589,-1,2,.147586,1.40787,-.5,2.5,.0051924,192.5896,.6211048,1.476643,0,10,.319176,1.891673,0,11
"MO","blk",4,"math",.99,.0351,.2871917,.0964252,.9060295,.5439237,2.533659,2.580266,12314.75,"Missouri",.507,2.207,-.1,1.6,.2297721,1.420677,-1,2,.4695542,1.851122,-.5,2.5,.0012289,813.7075,.85237,1.368426,0,10,.6289541,1.821329,0,11
"MO","blk",4,"read",.784,.0327,.2303453,.0762864,.9060295,.5439237,2.533659,2.580266,12314.75,"Missouri",.378,2.078,-.1,1.6,.1815398,1.155946,-1,2,.3938085,1.484521,-.5,2.5,.0010671,937.0827,.6717991,1.181764,0,10,.5082991,1.483623,0,11
"MO","hsp",4,"read",.412,.0492,.3596578,-.0983766,.6643427,.659533,1.530084,2.45236,2459.667,"Missouri",.051,1.751,-.1,1.6,-.4413069,1.422306,-1,2,-.0339986,1.435674,-.5,2.5,.0024178,413.6045,.5585436,1.320314,0,10,.2325985,1.844095,0,11
"MO","hsp",4,"math",.553,.0506,.3504415,-.0405912,.6643427,.659533,1.530084,2.45236,2459.667,"Missouri",.143,1.843,-.1,1.6,-.3790149,1.504489,-1,2,.0675631,1.480557,-.5,2.5,.0025613,390.4233,.6213536,1.417812,0,10,.2802785,1.986334,0,11
"MO","blk",8,"math",1.07,.0384,.3705572,.1706465,.9060295,.5439237,2.533659,2.580266,12314.75,"Missouri",.431,2.131,-.1,1.6,.1057694,1.473777,-1,2,.4672487,1.820155,-.5,2.5,.0014757,677.6576,.8620538,1.28495,0,10,.5980427,1.855158,0,11
"MO","blk",8,"read",.886,.0361,.2745839,.1506162,.9060295,.5439237,2.533659,2.580266,12314.75,"Missouri",.361,2.061,-.1,1.6,.1607846,1.165672,-1,2,.3933816,1.477607,-.5,2.5,.0013017,768.2264,.6902131,1.108518,0,10,.540767,1.400359,0,11
"MO","hsp",8,"read",.414,.0638,.4031071,-.0673297,.6643427,.659533,1.530084,2.45236,2459.667,"Missouri",-.022,1.678,-.1,1.6,-.4886567,1.399311,-1,2,-.0144324,1.348337,-.5,2.5,.0040741,245.4522,.5188523,1.316976,0,10,.2017192,1.800016,0,11
"MO","hsp",8,"math",.533,.0515,.3358122,-.0699498,.6643427,.659533,1.530084,2.45236,2459.667,"Missouri",.167,1.867,-.1,1.6,-.2876797,1.450589,-1,2,.147586,1.40787,-.5,2.5,.0026529,376.9402,.6211048,1.476643,0,10,.319176,1.891673,0,11
"MT","blk",4,"read",.589,.169,-.0364504,.1475476,-.5314507,-.2208393,0,1.135045,100.6667,"Montana",.378,2.078,-.1,1.6,.1815398,1.155946,-1,2,.3938085,1.484521,-.5,2.5,.0285694,35.00248,.6717991,1.181764,0,10,.5082991,1.483623,0,11
"MT","blk",4,"math",.57,.163,-.0660326,.0297705,-.5314507,-.2208393,0,1.135045,100.6667,"Montana",.507,2.207,-.1,1.6,.2297721,1.420677,-1,2,.4695542,1.851122,-.5,2.5,.0266925,37.46369,.85237,1.368426,0,10,.6289541,1.821329,0,11
"MT","hsp",4,"math",.361,.0507,.3320742,-.2140676,.6837973,.5611198,1.760399,2.47378,306.8333,"Montana",.143,1.843,-.1,1.6,-.3790149,1.504489,-1,2,.0675631,1.480557,-.5,2.5,.0025749,388.3603,.6213536,1.417812,0,10,.2802785,1.986334,0,11
"MT","hsp",4,"read",.35,.0546,.3312483,-.1325173,.6837973,.5611198,1.760399,2.47378,306.8333,"Montana",.051,1.751,-.1,1.6,-.4413069,1.422306,-1,2,-.0339986,1.435674,-.5,2.5,.0029863,334.8604,.5585436,1.320314,0,10,.2325985,1.844095,0,11
"MT","blk",8,"math",.524,.172,-.1282492,.1212686,-.5314507,-.2208393,0,1.135045,100.6667,"Montana",.431,2.131,-.1,1.6,.1057694,1.473777,-1,2,.4672487,1.820155,-.5,2.5,.0296794,33.69345,.8620538,1.28495,0,10,.5980427,1.855158,0,11
"MT","blk",8,"read",.649,.166,-.1007902,.2887161,-.5314507,-.2208393,0,1.135045,100.6667,"Montana",.361,2.061,-.1,1.6,.1607846,1.165672,-1,2,.3933816,1.477607,-.5,2.5,.0275782,36.26054,.6902131,1.108518,0,10,.540767,1.400359,0,11
"MT","hsp",8,"math",.429,.0584,.3187811,-.1566371,.6837973,.5611198,1.760399,2.47378,306.8333,"Montana",.167,1.867,-.1,1.6,-.2876797,1.450589,-1,2,.147586,1.40787,-.5,2.5,.0034059,293.6042,.6211048,1.476643,0,10,.319176,1.891673,0,11
"MT","hsp",8,"read",.429,.0659,.3883383,-.0369508,.6837973,.5611198,1.760399,2.47378,306.8333,"Montana",-.022,1.678,-.1,1.6,-.4886567,1.399311,-1,2,-.0144324,1.348337,-.5,2.5,.0043377,230.5376,.5188523,1.316976,0,10,.2017192,1.800016,0,11
"NE","blk",4,"math",1.25,.0475,.517315,.1217805,1.144361,.7830437,2.904273,4.779012,1547.667,"Nebraska",.507,2.207,-.1,1.6,.2297721,1.420677,-1,2,.4695542,1.851122,-.5,2.5,.0022607,442.3409,.85237,1.368426,0,10,.6289541,1.821329,0,11
"NE","blk",4,"read",.828,.0427,.4490261,-.0989316,1.144361,.7830437,2.904273,4.779012,1547.667,"Nebraska",.378,2.078,-.1,1.6,.1815398,1.155946,-1,2,.3938085,1.484521,-.5,2.5,.0018223,548.7518,.6717991,1.181764,0,10,.5082991,1.483623,0,11
"NE","hsp",4,"math",.929,.0316,.6585283,.0269766,.8695489,1.190488,2.695976,3.624918,2802.5,"Nebraska",.143,1.843,-.1,1.6,-.3790149,1.504489,-1,2,.0675631,1.480557,-.5,2.5,.0009981,1001.896,.6213536,1.417812,0,10,.2802785,1.986334,0,11
"NE","hsp",4,"read",.688,.0308,.6665133,-.1294243,.8695489,1.190488,2.695976,3.624918,2802.5,"Nebraska",.051,1.751,-.1,1.6,-.4413069,1.422306,-1,2,-.0339986,1.435674,-.5,2.5,.0009491,1053.594,.5585436,1.320314,0,10,.2325985,1.844095,0,11
"NE","blk",8,"read",.88,.0422,.4306649,-.0116816,1.144361,.7830437,2.904273,4.779012,1547.667,"Nebraska",.361,2.061,-.1,1.6,.1607846,1.165672,-1,2,.3933816,1.477607,-.5,2.5,.0017837,560.6285,.6902131,1.108518,0,10,.540767,1.400359,0,11
"NE","blk",8,"math",1.27,.049,.6070759,.1361573,1.144361,.7830437,2.904273,4.779012,1547.667,"Nebraska",.431,2.131,-.1,1.6,.1057694,1.473777,-1,2,.4672487,1.820155,-.5,2.5,.0024013,416.4426,.8620538,1.28495,0,10,.5980427,1.855158,0,11
"NE","hsp",8,"read",.718,.0353,.6854575,-.0458471,.8695489,1.190488,2.695976,3.624918,2802.5,"Nebraska",-.022,1.678,-.1,1.6,-.4886567,1.399311,-1,2,-.0144324,1.348337,-.5,2.5,.0012474,801.6905,.5188523,1.316976,0,10,.2017192,1.800016,0,11
"NE","hsp",8,"math",.931,.0325,.6314066,.0325167,.8695489,1.190488,2.695976,3.624918,2802.5,"Nebraska",.167,1.867,-.1,1.6,-.2876797,1.450589,-1,2,.147586,1.40787,-.5,2.5,.0010535,949.2317,.6211048,1.476643,0,10,.319176,1.891673,0,11
"NV","blk",4,"math",.889,.0358,.4469297,-.1650022,1.076184,.7826235,2.507124,3.865698,2880.333,"Nevada",.507,2.207,-.1,1.6,.2297721,1.420677,-1,2,.4695542,1.851122,-.5,2.5,.0012783,782.2671,.85237,1.368426,0,10,.6289541,1.821329,0,11
"NV","blk",4,"read",.69,.0367,.3667894,-.1546938,1.076184,.7826235,2.507124,3.865698,2880.333,"Nevada",.378,2.078,-.1,1.6,.1815398,1.155946,-1,2,.3938085,1.484521,-.5,2.5,.0013449,743.5751,.6717991,1.181764,0,10,.5082991,1.483623,0,11
"NV","hsp",4,"math",.729,.0236,.559258,-.0736906,.8337198,1.074894,1.772764,3.241575,9971.167,"Nevada",.143,1.843,-.1,1.6,-.3790149,1.504489,-1,2,.0675631,1.480557,-.5,2.5,.0005587,1790.008,.6213536,1.417812,0,10,.2802785,1.986334,0,11
"NV","hsp",4,"read",.669,.0234,.5786461,-.0609501,.8337198,1.074894,1.772764,3.241575,9971.167,"Nevada",.051,1.751,-.1,1.6,-.4413069,1.422306,-1,2,-.0339986,1.435674,-.5,2.5,.0005483,1823.696,.5585436,1.320314,0,10,.2325985,1.844095,0,11
"NV","blk",8,"math",.92,.0377,.5279142,-.1391457,1.076184,.7826235,2.507124,3.865698,2880.333,"Nevada",.431,2.131,-.1,1.6,.1057694,1.473777,-1,2,.4672487,1.820155,-.5,2.5,.0014224,703.04,.8620538,1.28495,0,10,.5980427,1.855158,0,11
"NV","blk",8,"read",.681,.0354,.3908049,-.1702318,1.076184,.7826235,2.507124,3.865698,2880.333,"Nevada",.361,2.061,-.1,1.6,.1607846,1.165672,-1,2,.3933816,1.477607,-.5,2.5,.0012517,798.9074,.6902131,1.108518,0,10,.540767,1.400359,0,11
"NV","hsp",8,"math",.759,.0256,.5366064,-.0446848,.8337198,1.074894,1.772764,3.241575,9971.167,"Nevada",.167,1.867,-.1,1.6,-.2876797,1.450589,-1,2,.147586,1.40787,-.5,2.5,.0006574,1521.092,.6211048,1.476643,0,10,.319176,1.891673,0,11
"NV","hsp",8,"read",.679,.0239,.6016645,-.0005588,.8337198,1.074894,1.772764,3.241575,9971.167,"Nevada",-.022,1.678,-.1,1.6,-.4886567,1.399311,-1,2,-.0144324,1.348337,-.5,2.5,.0005714,1750.137,.5188523,1.316976,0,10,.2017192,1.800016,0,11
"NH","blk",4,"read",.479,.0653,.1341057,-.1327582,.6584145,.0759629,.6864585,2.873434,285.5833,"New Hampshire",.378,2.078,-.1,1.6,.1815398,1.155946,-1,2,.3938085,1.484521,-.5,2.5,.004261,234.6884,.6717991,1.181764,0,10,.5082991,1.483623,0,11
"NH","blk",4,"math",.662,.069,.1657908,-.1104362,.6584145,.0759629,.6864585,2.873434,285.5833,"New Hampshire",.507,2.207,-.1,1.6,.2297721,1.420677,-1,2,.4695542,1.851122,-.5,2.5,.0047669,209.7783,.85237,1.368426,0,10,.6289541,1.821329,0,11
"NH","hsp",4,"read",.566,.053,.2996776,.1155803,.4368478,.4630378,1.446965,2.453068,474,"New Hampshire",.051,1.751,-.1,1.6,-.4413069,1.422306,-1,2,-.0339986,1.435674,-.5,2.5,.00281,355.8773,.5585436,1.320314,0,10,.2325985,1.844095,0,11
"NH","hsp",4,"math",.723,.0508,.3013933,.1783351,.4368478,.4630378,1.446965,2.453068,474,"New Hampshire",.143,1.843,-.1,1.6,-.3790149,1.504489,-1,2,.0675631,1.480557,-.5,2.5,.0025846,386.9051,.6213536,1.417812,0,10,.2802785,1.986334,0,11
"NH","blk",8,"math",.699,.0745,.2368325,-.0684221,.6584145,.0759629,.6864585,2.873434,285.5833,"New Hampshire",.431,2.131,-.1,1.6,.1057694,1.473777,-1,2,.4672487,1.820155,-.5,2.5,.0055439,180.3779,.8620538,1.28495,0,10,.5980427,1.855158,0,11
"NH","blk",8,"read",.554,.0793,.0980198,-.0049559,.6584145,.0759629,.6864585,2.873434,285.5833,"New Hampshire",.361,2.061,-.1,1.6,.1607846,1.165672,-1,2,.3933816,1.477607,-.5,2.5,.0062913,158.9506,.6902131,1.108518,0,10,.540767,1.400359,0,11
"NH","hsp",8,"math",.809,.0565,.2925056,.2493325,.4368478,.4630378,1.446965,2.453068,474,"New Hampshire",.167,1.867,-.1,1.6,-.2876797,1.450589,-1,2,.147586,1.40787,-.5,2.5,.0031928,313.2032,.6211048,1.476643,0,10,.319176,1.891673,0,11
"NH","hsp",8,"read",.613,.062,.3118469,.2235814,.4368478,.4630378,1.446965,2.453068,474,"New Hampshire",-.022,1.678,-.1,1.6,-.4886567,1.399311,-1,2,-.0144324,1.348337,-.5,2.5,.0038458,260.0207,.5188523,1.316976,0,10,.2017192,1.800016,0,11
"NJ","blk",4,"read",.883,.0393,.463772,-.0585258,1.064521,.9208721,2.148698,4.908676,16408.92,"New Jersey",.378,2.078,-.1,1.6,.1815398,1.155946,-1,2,.3938085,1.484521,-.5,2.5,.0015431,648.0641,.6717991,1.181764,0,10,.5082991,1.483623,0,11
"NJ","blk",4,"math",1.07,.0371,.5565932,-.0976856,1.064521,.9208721,2.148698,4.908676,16408.92,"New Jersey",.507,2.207,-.1,1.6,.2297721,1.420677,-1,2,.4695542,1.851122,-.5,2.5,.0013759,726.7765,.85237,1.368426,0,10,.6289541,1.821329,0,11
"NJ","hsp",4,"math",.874,.0351,.6535315,-.0227014,1.045271,1.063411,1.739906,4.085528,18474.5,"New Jersey",.143,1.843,-.1,1.6,-.3790149,1.504489,-1,2,.0675631,1.480557,-.5,2.5,.0012348,809.8317,.6213536,1.417812,0,10,.2802785,1.986334,0,11
"NJ","hsp",4,"read",.799,.0332,.6575153,-.0096925,1.045271,1.063411,1.739906,4.085528,18474.5,"New Jersey",.051,1.751,-.1,1.6,-.4413069,1.422306,-1,2,-.0339986,1.435674,-.5,2.5,.0011046,905.3409,.5585436,1.320314,0,10,.2325985,1.844095,0,11
"NJ","blk",8,"math",1.05,.0381,.6172336,-.0957774,1.064521,.9208721,2.148698,4.908676,16408.92,"New Jersey",.431,2.131,-.1,1.6,.1057694,1.473777,-1,2,.4672487,1.820155,-.5,2.5,.0014497,689.7742,.8620538,1.28495,0,10,.5980427,1.855158,0,11
"NJ","blk",8,"read",.913,.0375,.4563246,-.0038582,1.064521,.9208721,2.148698,4.908676,16408.92,"New Jersey",.361,2.061,-.1,1.6,.1607846,1.165672,-1,2,.3933816,1.477607,-.5,2.5,.0014069,710.7801,.6902131,1.108518,0,10,.540767,1.400359,0,11
"NJ","hsp",8,"math",.847,.0359,.6329975,-.0529748,1.045271,1.063411,1.739906,4.085528,18474.5,"New Jersey",.167,1.867,-.1,1.6,-.2876797,1.450589,-1,2,.147586,1.40787,-.5,2.5,.0012866,777.2657,.6211048,1.476643,0,10,.319176,1.891673,0,11
"NJ","hsp",8,"read",.815,.039,.6986416,.038645,1.045271,1.063411,1.739906,4.085528,18474.5,"New Jersey",-.022,1.678,-.1,1.6,-.4886567,1.399311,-1,2,-.0144324,1.348337,-.5,2.5,.0015192,658.2328,.5188523,1.316976,0,10,.2017192,1.800016,0,11
"NM","blk",4,"read",.567,.0584,.3083124,-.2192448,.7282534,.8477774,1.985932,3.049551,592.6667,"New Mexico",.378,2.078,-.1,1.6,.1815398,1.155946,-1,2,.3938085,1.484521,-.5,2.5,.003416,292.7376,.6717991,1.181764,0,10,.5082991,1.483623,0,11
"NM","blk",4,"math",.801,.0605,.3950728,-.2007515,.7282534,.8477774,1.985932,3.049551,592.6667,"New Mexico",.507,2.207,-.1,1.6,.2297721,1.420677,-1,2,.4695542,1.851122,-.5,2.5,.0036558,273.5359,.85237,1.368426,0,10,.6289541,1.821329,0,11
"NM","hsp",4,"math",.737,.0241,.4641493,.0293695,.6408277,.8419497,1.384188,3.011806,14102.5,"New Mexico",.143,1.843,-.1,1.6,-.3790149,1.504489,-1,2,.0675631,1.480557,-.5,2.5,.0005787,1728.119,.6213536,1.417812,0,10,.2802785,1.986334,0,11
"NM","hsp",4,"read",.693,.0248,.4780512,.0636994,.6408277,.8419497,1.384188,3.011806,14102.5,"New Mexico",.051,1.751,-.1,1.6,-.4413069,1.422306,-1,2,-.0339986,1.435674,-.5,2.5,.0006127,1632.11,.5585436,1.320314,0,10,.2325985,1.844095,0,11
"NM","blk",8,"math",.806,.0632,.4231232,-.1482192,.7282534,.8477774,1.985932,3.049551,592.6667,"New Mexico",.431,2.131,-.1,1.6,.1057694,1.473777,-1,2,.4672487,1.820155,-.5,2.5,.0039935,250.4049,.8620538,1.28495,0,10,.5980427,1.855158,0,11
"NM","blk",8,"read",.687,.0621,.3607797,-.1349965,.7282534,.8477774,1.985932,3.049551,592.6667,"New Mexico",.361,2.061,-.1,1.6,.1607846,1.165672,-1,2,.3933816,1.477607,-.5,2.5,.0038566,259.2948,.6902131,1.108518,0,10,.540767,1.400359,0,11
"NM","hsp",8,"math",.763,.0241,.448081,.0473187,.6408277,.8419497,1.384188,3.011806,14102.5,"New Mexico",.167,1.867,-.1,1.6,-.2876797,1.450589,-1,2,.147586,1.40787,-.5,2.5,.0005811,1720.811,.6211048,1.476643,0,10,.319176,1.891673,0,11
"NM","hsp",8,"read",.669,.0251,.4835722,.1071908,.6408277,.8419497,1.384188,3.011806,14102.5,"New Mexico",-.022,1.678,-.1,1.6,-.4886567,1.399311,-1,2,-.0144324,1.348337,-.5,2.5,.0006294,1588.786,.5188523,1.316976,0,10,.2017192,1.800016,0,11
"NY","blk",4,"math",.975,.03,.3079471,.0603405,.8268754,.58424,1.846006,2.806428,38395,"New York",.507,2.207,-.1,1.6,.2297721,1.420677,-1,2,.4695542,1.851122,-.5,2.5,.0009013,1109.458,.85237,1.368426,0,10,.6289541,1.821329,0,11
"NY","blk",4,"read",.816,.0328,.2386957,.0996981,.8268754,.58424,1.846006,2.806428,38395,"New York",.378,2.078,-.1,1.6,.1815398,1.155946,-1,2,.3938085,1.484521,-.5,2.5,.0010772,928.3524,.6717991,1.181764,0,10,.5082991,1.483623,0,11
"NY","hsp",4,"read",.755,.0281,.4751827,.1282292,.8993567,.8277403,1.569427,3.075917,41305.08,"New York",.051,1.751,-.1,1.6,-.4413069,1.422306,-1,2,-.0339986,1.435674,-.5,2.5,.0007873,1270.226,.5585436,1.320314,0,10,.2325985,1.844095,0,11
"NY","hsp",4,"math",.793,.0279,.4668597,.0828036,.8993567,.8277403,1.569427,3.075917,41305.08,"New York",.143,1.843,-.1,1.6,-.3790149,1.504489,-1,2,.0675631,1.480557,-.5,2.5,.0007763,1288.142,.6213536,1.417812,0,10,.2802785,1.986334,0,11
"NY","blk",8,"math",1.01,.0323,.37045,.1133774,.8268754,.58424,1.846006,2.806428,38395,"New York",.431,2.131,-.1,1.6,.1057694,1.473777,-1,2,.4672487,1.820155,-.5,2.5,.0010441,957.7589,.8620538,1.28495,0,10,.5980427,1.855158,0,11
"NY","blk",8,"read",.903,.0333,.2760926,.1659182,.8268754,.58424,1.846006,2.806428,38395,"New York",.361,2.061,-.1,1.6,.1607846,1.165672,-1,2,.3933816,1.477607,-.5,2.5,.0011109,900.1931,.6902131,1.108518,0,10,.540767,1.400359,0,11
"NY","hsp",8,"math",.883,.0317,.4493356,.1660855,.8993567,.8277403,1.569427,3.075917,41305.08,"New York",.167,1.867,-.1,1.6,-.2876797,1.450589,-1,2,.147586,1.40787,-.5,2.5,.0010038,996.2069,.6211048,1.476643,0,10,.319176,1.891673,0,11
"NY","hsp",8,"read",.81,.0323,.5344086,.1977656,.8993567,.8277403,1.569427,3.075917,41305.08,"New York",-.022,1.678,-.1,1.6,-.4886567,1.399311,-1,2,-.0144324,1.348337,-.5,2.5,.001041,960.6314,.5188523,1.316976,0,10,.2017192,1.800016,0,11
"NC","blk",4,"read",.828,.0257,.2779276,.0723672,.9032739,.6460384,2.205407,3.07517,32431.67,"North Carolina",.378,2.078,-.1,1.6,.1815398,1.155946,-1,2,.3938085,1.484521,-.5,2.5,.0006611,1512.582,.6717991,1.181764,0,10,.5082991,1.483623,0,11
"NC","blk",4,"math",1.07,.0266,.3478843,.1179586,.9032739,.6460384,2.205407,3.07517,32431.67,"North Carolina",.507,2.207,-.1,1.6,.2297721,1.420677,-1,2,.4695542,1.851122,-.5,2.5,.0007055,1417.453,.85237,1.368426,0,10,.6289541,1.821329,0,11
"NC","hsp",4,"math",.685,.0294,.5723254,-.1301942,.9355576,1.221985,1.56431,3.088711,10770,"North Carolina",.143,1.843,-.1,1.6,-.3790149,1.504489,-1,2,.0675631,1.480557,-.5,2.5,.0008653,1155.716,.6213536,1.417812,0,10,.2802785,1.986334,0,11
"NC","hsp",4,"read",.688,.0304,.6063904,-.0691517,.9355576,1.221985,1.56431,3.088711,10770,"North Carolina",.051,1.751,-.1,1.6,-.4413069,1.422306,-1,2,-.0339986,1.435674,-.5,2.5,.0009229,1083.523,.5585436,1.320314,0,10,.2325985,1.844095,0,11
"NC","blk",8,"read",.818,.026,.3131283,.0440203,.9032739,.6460384,2.205407,3.07517,32431.67,"North Carolina",.361,2.061,-.1,1.6,.1607846,1.165672,-1,2,.3933816,1.477607,-.5,2.5,.0006781,1474.702,.6902131,1.108518,0,10,.540767,1.400359,0,11
"NC","blk",8,"math",.949,.0262,.417586,.0005695,.9032739,.6460384,2.205407,3.07517,32431.67,"North Carolina",.431,2.131,-.1,1.6,.1057694,1.473777,-1,2,.4672487,1.820155,-.5,2.5,.0006877,1454.104,.8620538,1.28495,0,10,.5980427,1.855158,0,11
"NC","hsp",8,"math",.688,.0355,.5461212,-.125394,.9355576,1.221985,1.56431,3.088711,10770,"North Carolina",.167,1.867,-.1,1.6,-.2876797,1.450589,-1,2,.147586,1.40787,-.5,2.5,.0012626,792.0118,.6211048,1.476643,0,10,.319176,1.891673,0,11
"NC","hsp",8,"read",.608,.04,.6407027,-.1102982,.9355576,1.221985,1.56431,3.088711,10770,"North Carolina",-.022,1.678,-.1,1.6,-.4886567,1.399311,-1,2,-.0144324,1.348337,-.5,2.5,.001604,623.4425,.5188523,1.316976,0,10,.2017192,1.800016,0,11
"ND","blk",4,"math",.733,.0619,.373356,-.2472943,1.378565,.5583908,.6591398,3.782819,138.8333,"North Dakota",.507,2.207,-.1,1.6,.2297721,1.420677,-1,2,.4695542,1.851122,-.5,2.5,.0038271,261.2918,.85237,1.368426,0,10,.6289541,1.821329,0,11
"ND","blk",4,"read",.396,.0681,.2633691,-.3454269,1.378565,.5583908,.6591398,3.782819,138.8333,"North Dakota",.378,2.078,-.1,1.6,.1815398,1.155946,-1,2,.3938085,1.484521,-.5,2.5,.0046432,215.3667,.6717991,1.181764,0,10,.5082991,1.483623,0,11
"ND","hsp",4,"math",.642,.0638,.6379247,-.2385841,.9796314,1.155335,2.692742,3.55375,127.5833,"North Dakota",.143,1.843,-.1,1.6,-.3790149,1.504489,-1,2,.0675631,1.480557,-.5,2.5,.0040699,245.7076,.6213536,1.417812,0,10,.2802785,1.986334,0,11
"ND","hsp",4,"read",.499,.0631,.6443765,-.2961852,.9796314,1.155335,2.692742,3.55375,127.5833,"North Dakota",.051,1.751,-.1,1.6,-.4413069,1.422306,-1,2,-.0339986,1.435674,-.5,2.5,.0039779,251.3883,.5585436,1.320314,0,10,.2325985,1.844095,0,11
"ND","blk",8,"read",.475,.0763,.2934138,-.2790496,1.378565,.5583908,.6591398,3.782819,138.8333,"North Dakota",.361,2.061,-.1,1.6,.1607846,1.165672,-1,2,.3933816,1.477607,-.5,2.5,.0058293,171.5472,.6902131,1.108518,0,10,.540767,1.400359,0,11
"ND","blk",8,"math",.831,.0764,.4969927,-.1964068,1.378565,.5583908,.6591398,3.782819,138.8333,"North Dakota",.431,2.131,-.1,1.6,.1057694,1.473777,-1,2,.4672487,1.820155,-.5,2.5,.0058394,171.2511,.8620538,1.28495,0,10,.5980427,1.855158,0,11
"ND","hsp",8,"read",.385,.093,.6906639,-.383868,.9796314,1.155335,2.692742,3.55375,127.5833,"North Dakota",-.022,1.678,-.1,1.6,-.4886567,1.399311,-1,2,-.0144324,1.348337,-.5,2.5,.0086479,115.6347,.5188523,1.316976,0,10,.2017192,1.800016,0,11
"ND","hsp",8,"math",.7,.0858,.6107527,-.1781593,.9796314,1.155335,2.692742,3.55375,127.5833,"North Dakota",.167,1.867,-.1,1.6,-.2876797,1.450589,-1,2,.147586,1.40787,-.5,2.5,.0073608,135.8548,.6211048,1.476643,0,10,.319176,1.891673,0,11
"OH","blk",4,"math",1.04,.0377,.3763003,.0539751,1.110097,.6154786,2.03305,3.544782,22527.33,"Ohio",.507,2.207,-.1,1.6,.2297721,1.420677,-1,2,.4695542,1.851122,-.5,2.5,.0014226,702.9388,.85237,1.368426,0,10,.6289541,1.821329,0,11
"OH","blk",4,"read",.904,.0365,.2995534,.1269364,1.110097,.6154786,2.03305,3.544782,22527.33,"Ohio",.378,2.078,-.1,1.6,.1815398,1.155946,-1,2,.3938085,1.484521,-.5,2.5,.0013295,752.1605,.6717991,1.181764,0,10,.5082991,1.483623,0,11
"OH","hsp",4,"math",.703,.0548,.3691909,.090352,.7574741,.6082052,1.076291,2.826375,3649.583,"Ohio",.143,1.843,-.1,1.6,-.3790149,1.504489,-1,2,.0675631,1.480557,-.5,2.5,.0029978,333.5814,.6213536,1.417812,0,10,.2802785,1.986334,0,11
"OH","hsp",4,"read",.577,.056,.3744442,.0512408,.7574741,.6082052,1.076291,2.826375,3649.583,"Ohio",.051,1.751,-.1,1.6,-.4413069,1.422306,-1,2,-.0339986,1.435674,-.5,2.5,.0031395,318.5255,.5585436,1.320314,0,10,.2325985,1.844095,0,11
"OH","blk",8,"read",.848,.0337,.3225822,.0645032,1.110097,.6154786,2.03305,3.544782,22527.33,"Ohio",.361,2.061,-.1,1.6,.1607846,1.165672,-1,2,.3933816,1.477607,-.5,2.5,.0011384,878.4436,.6902131,1.108518,0,10,.540767,1.400359,0,11
"OH","blk",8,"math",1.03,.0337,.4726043,.0222403,1.110097,.6154786,2.03305,3.544782,22527.33,"Ohio",.431,2.131,-.1,1.6,.1057694,1.473777,-1,2,.4672487,1.820155,-.5,2.5,.001139,877.931,.8620538,1.28495,0,10,.5980427,1.855158,0,11
"OH","hsp",8,"read",.521,.0605,.4249787,.0182726,.7574741,.6082052,1.076291,2.826375,3649.583,"Ohio",-.022,1.678,-.1,1.6,-.4886567,1.399311,-1,2,-.0144324,1.348337,-.5,2.5,.0036588,273.3146,.5188523,1.316976,0,10,.2017192,1.800016,0,11
"OH","hsp",8,"math",.657,.0634,.3579716,.0315451,.7574741,.6082052,1.076291,2.826375,3649.583,"Ohio",.167,1.867,-.1,1.6,-.2876797,1.450589,-1,2,.147586,1.40787,-.5,2.5,.0040234,248.5443,.6211048,1.476643,0,10,.319176,1.891673,0,11
"OK","blk",4,"math",.917,.0373,.2467184,.0636675,.7579331,.3448846,1.929837,2.851786,4900,"Oklahoma",.507,2.207,-.1,1.6,.2297721,1.420677,-1,2,.4695542,1.851122,-.5,2.5,.0013919,718.4482,.85237,1.368426,0,10,.6289541,1.821329,0,11
"OK","blk",4,"read",.698,.0377,.2075108,.0129526,.7579331,.3448846,1.929837,2.851786,4900,"Oklahoma",.378,2.078,-.1,1.6,.1815398,1.155946,-1,2,.3938085,1.484521,-.5,2.5,.0014245,701.98,.6717991,1.181764,0,10,.5082991,1.483623,0,11
"OK","hsp",4,"math",.609,.0343,.3958302,-.0297684,.7522961,.8417327,1.609204,2.427681,4638.5,"Oklahoma",.143,1.843,-.1,1.6,-.3790149,1.504489,-1,2,.0675631,1.480557,-.5,2.5,.001176,850.373,.6213536,1.417812,0,10,.2802785,1.986334,0,11
"OK","hsp",4,"read",.549,.0369,.4160674,-.0183885,.7522961,.8417327,1.609204,2.427681,4638.5,"Oklahoma",.051,1.751,-.1,1.6,-.4413069,1.422306,-1,2,-.0339986,1.435674,-.5,2.5,.0013632,733.5629,.5585436,1.320314,0,10,.2325985,1.844095,0,11
"OK","blk",8,"math",.821,.0397,.3201361,-.0294533,.7579331,.3448846,1.929837,2.851786,4900,"Oklahoma",.431,2.131,-.1,1.6,.1057694,1.473777,-1,2,.4672487,1.820155,-.5,2.5,.0015724,635.9819,.8620538,1.28495,0,10,.5980427,1.855158,0,11
"OK","blk",8,"read",.683,.0402,.2065008,.015502,.7579331,.3448846,1.929837,2.851786,4900,"Oklahoma",.361,2.061,-.1,1.6,.1607846,1.165672,-1,2,.3933816,1.477607,-.5,2.5,.0016156,618.962,.6902131,1.108518,0,10,.540767,1.400359,0,11
"OK","hsp",8,"read",.579,.0388,.4642557,.0369481,.7522961,.8417327,1.609204,2.427681,4638.5,"Oklahoma",-.022,1.678,-.1,1.6,-.4886567,1.399311,-1,2,-.0144324,1.348337,-.5,2.5,.0015034,665.1609,.5188523,1.316976,0,10,.2017192,1.800016,0,11
"OK","hsp",8,"math",.645,.0407,.3764375,.0011348,.7522961,.8417327,1.609204,2.427681,4638.5,"Oklahoma",.167,1.867,-.1,1.6,-.2876797,1.450589,-1,2,.147586,1.40787,-.5,2.5,.0016564,603.7348,.6211048,1.476643,0,10,.319176,1.891673,0,11
"OR","blk",4,"math",.771,.0556,.1197172,.0444981,.4787391,.0610357,1.370409,2.270033,998.25,"Oregon",.507,2.207,-.1,1.6,.2297721,1.420677,-1,2,.4695542,1.851122,-.5,2.5,.0030914,323.4756,.85237,1.368426,0,10,.6289541,1.821329,0,11
"OR","blk",4,"read",.646,.0546,.1074723,.0610864,.4787391,.0610357,1.370409,2.270033,998.25,"Oregon",.378,2.078,-.1,1.6,.1815398,1.155946,-1,2,.3938085,1.484521,-.5,2.5,.002981,335.4579,.6717991,1.181764,0,10,.5082991,1.483623,0,11
"OR","hsp",4,"read",.745,.0273,.4833939,.1100693,.6973332,1.067976,1.242056,2.378017,6386.75,"Oregon",.051,1.751,-.1,1.6,-.4413069,1.422306,-1,2,-.0339986,1.435674,-.5,2.5,.0007478,1337.261,.5585436,1.320314,0,10,.2325985,1.844095,0,11
"OR","hsp",4,"math",.835,.0287,.442207,.1500757,.6973332,1.067976,1.242056,2.378017,6386.75,"Oregon",.143,1.843,-.1,1.6,-.3790149,1.504489,-1,2,.0675631,1.480557,-.5,2.5,.0008251,1211.996,.6213536,1.417812,0,10,.2802785,1.986334,0,11
"OR","blk",8,"read",.575,.0669,.0828568,.0313549,.4787391,.0610357,1.370409,2.270033,998.25,"Oregon",.361,2.061,-.1,1.6,.1607846,1.165672,-1,2,.3933816,1.477607,-.5,2.5,.0044803,223.1992,.6902131,1.108518,0,10,.540767,1.400359,0,11
"OR","blk",8,"math",.653,.0608,.1765682,-.0539481,.4787391,.0610357,1.370409,2.270033,998.25,"Oregon",.431,2.131,-.1,1.6,.1057694,1.473777,-1,2,.4672487,1.820155,-.5,2.5,.0037022,270.1118,.8620538,1.28495,0,10,.5980427,1.855158,0,11
"OR","hsp",8,"math",.759,.0312,.4192537,.0728491,.6973332,1.067976,1.242056,2.378017,6386.75,"Oregon",.167,1.867,-.1,1.6,-.2876797,1.450589,-1,2,.147586,1.40787,-.5,2.5,.0009738,1026.939,.6211048,1.476643,0,10,.319176,1.891673,0,11
"OR","hsp",8,"read",.677,.0326,.4998345,.0986528,.6973332,1.067976,1.242056,2.378017,6386.75,"Oregon",-.022,1.678,-.1,1.6,-.4886567,1.399311,-1,2,-.0144324,1.348337,-.5,2.5,.0010608,942.6846,.5188523,1.316976,0,10,.2017192,1.800016,0,11
"PA","blk",4,"read",.906,.0363,.2347301,.1934112,.8913793,.4713167,1.987227,2.964034,17640.92,"Pennsylvania",.378,2.078,-.1,1.6,.1815398,1.155946,-1,2,.3938085,1.484521,-.5,2.5,.0013166,759.5339,.6717991,1.181764,0,10,.5082991,1.483623,0,11
"PA","blk",4,"math",1.03,.0352,.2914338,.1363163,.8913793,.4713167,1.987227,2.964034,17640.92,"Pennsylvania",.507,2.207,-.1,1.6,.2297721,1.420677,-1,2,.4695542,1.851122,-.5,2.5,.0012358,809.216,.85237,1.368426,0,10,.6289541,1.821329,0,11
"PA","hsp",4,"read",.86,.0484,.4521202,.2564708,.8540596,.7665843,1.99273,2.993827,8441,"Pennsylvania",.051,1.751,-.1,1.6,-.4413069,1.422306,-1,2,-.0339986,1.435674,-.5,2.5,.0023386,427.6152,.5585436,1.320314,0,10,.2325985,1.844095,0,11
"PA","hsp",4,"math",.881,.0408,.4519671,.1860969,.8540596,.7665843,1.99273,2.993827,8441,"Pennsylvania",.143,1.843,-.1,1.6,-.3790149,1.504489,-1,2,.0675631,1.480557,-.5,2.5,.0016678,599.584,.6213536,1.417812,0,10,.2802785,1.986334,0,11
"PA","blk",8,"read",.897,.0362,.2531569,.1828683,.8913793,.4713167,1.987227,2.964034,17640.92,"Pennsylvania",.361,2.061,-.1,1.6,.1607846,1.165672,-1,2,.3933816,1.477607,-.5,2.5,.0013123,762.0327,.6902131,1.108518,0,10,.540767,1.400359,0,11
"PA","blk",8,"math",1.11,.0366,.372357,.2043233,.8913793,.4713167,1.987227,2.964034,17640.92,"Pennsylvania",.431,2.131,-.1,1.6,.1057694,1.473777,-1,2,.4672487,1.820155,-.5,2.5,.0013392,746.6991,.8620538,1.28495,0,10,.5980427,1.855158,0,11
"PA","hsp",8,"read",.843,.0524,.5139353,.2510664,.8540596,.7665843,1.99273,2.993827,8441,"Pennsylvania",-.022,1.678,-.1,1.6,-.4886567,1.399311,-1,2,-.0144324,1.348337,-.5,2.5,.0027503,363.5905,.5188523,1.316976,0,10,.2017192,1.800016,0,11
"PA","hsp",8,"math",.851,.0433,.4343163,.1491704,.8540596,.7665843,1.99273,2.993827,8441,"Pennsylvania",.167,1.867,-.1,1.6,-.2876797,1.450589,-1,2,.147586,1.40787,-.5,2.5,.0018753,533.2508,.6211048,1.476643,0,10,.319176,1.891673,0,11
"RI","blk",4,"math",.977,.0369,.436419,-.0662049,.9999121,.754256,2.091794,3.885509,945.4167,"Rhode Island",.507,2.207,-.1,1.6,.2297721,1.420677,-1,2,.4695542,1.851122,-.5,2.5,.0013648,732.7341,.85237,1.368426,0,10,.6289541,1.821329,0,11
"RI","blk",4,"read",.765,.0376,.3546818,-.0674246,.9999121,.754256,2.091794,3.885509,945.4167,"Rhode Island",.378,2.078,-.1,1.6,.1815398,1.155946,-1,2,.3938085,1.484521,-.5,2.5,.0014116,708.4237,.6717991,1.181764,0,10,.5082991,1.483623,0,11
"RI","hsp",4,"math",.953,.03,.7251335,-.0150055,1.209196,1.077341,2.057209,4.609069,2105.5,"Rhode Island",.143,1.843,-.1,1.6,-.3790149,1.504489,-1,2,.0675631,1.480557,-.5,2.5,.0009007,1110.309,.6213536,1.417812,0,10,.2802785,1.986334,0,11
"RI","hsp",4,"read",.851,.0285,.7162696,-.016179,1.209196,1.077341,2.057209,4.609069,2105.5,"Rhode Island",.051,1.751,-.1,1.6,-.4413069,1.422306,-1,2,-.0339986,1.435674,-.5,2.5,.0008131,1229.812,.5585436,1.320314,0,10,.2325985,1.844095,0,11
"RI","blk",8,"read",.781,.0389,.3715218,-.0508677,.9999121,.754256,2.091794,3.885509,945.4167,"Rhode Island",.361,2.061,-.1,1.6,.1607846,1.165672,-1,2,.3933816,1.477607,-.5,2.5,.0015143,660.3917,.6902131,1.108518,0,10,.540767,1.400359,0,11
"RI","blk",8,"math",.986,.0384,.505799,-.0503801,.9999121,.754256,2.091794,3.885509,945.4167,"Rhode Island",.431,2.131,-.1,1.6,.1057694,1.473777,-1,2,.4672487,1.820155,-.5,2.5,.001477,677.0606,.8620538,1.28495,0,10,.5980427,1.855158,0,11
"RI","hsp",8,"math",.986,.029,.7041573,.0145552,1.209196,1.077341,2.057209,4.609069,2105.5,"Rhode Island",.167,1.867,-.1,1.6,-.2876797,1.450589,-1,2,.147586,1.40787,-.5,2.5,.0008391,1191.79,.6211048,1.476643,0,10,.319176,1.891673,0,11
"RI","hsp",8,"read",.877,.0308,.777073,.022262,1.209196,1.077341,2.057209,4.609069,2105.5,"Rhode Island",-.022,1.678,-.1,1.6,-.4886567,1.399311,-1,2,-.0144324,1.348337,-.5,2.5,.0009511,1051.436,.5188523,1.316976,0,10,.2017192,1.800016,0,11
"SC","blk",4,"math",1.01,.0249,.2622328,.1422125,.7556293,.586728,1.465542,2.222029,20833.83,"South Carolina",.507,2.207,-.1,1.6,.2297721,1.420677,-1,2,.4695542,1.851122,-.5,2.5,.0006196,1613.944,.85237,1.368426,0,10,.6289541,1.821329,0,11
"SC","blk",4,"read",.792,.0281,.1839111,.1302744,.7556293,.586728,1.465542,2.222029,20833.83,"South Carolina",.378,2.078,-.1,1.6,.1815398,1.155946,-1,2,.3938085,1.484521,-.5,2.5,.0007877,1269.58,.6717991,1.181764,0,10,.5082991,1.483623,0,11
"SC","hsp",4,"math",.614,.0497,.4325132,-.061928,.8045479,.978975,1.455046,2.46982,2498,"South Carolina",.143,1.843,-.1,1.6,-.3790149,1.504489,-1,2,.0675631,1.480557,-.5,2.5,.0024673,405.2965,.6213536,1.417812,0,10,.2802785,1.986334,0,11
"SC","hsp",4,"read",.499,.0431,.4629653,-.1153344,.8045479,.978975,1.455046,2.46982,2498,"South Carolina",.051,1.751,-.1,1.6,-.4413069,1.422306,-1,2,-.0339986,1.435674,-.5,2.5,.0018557,538.8921,.5585436,1.320314,0,10,.2325985,1.844095,0,11
"SC","blk",8,"read",.805,.0258,.2477237,.0962408,.7556293,.586728,1.465542,2.222029,20833.83,"South Carolina",.361,2.061,-.1,1.6,.1607846,1.165672,-1,2,.3933816,1.477607,-.5,2.5,.0006665,1500.315,.6902131,1.108518,0,10,.540767,1.400359,0,11
"SC","blk",8,"math",.964,.0255,.3140953,.1194951,.7556293,.586728,1.465542,2.222029,20833.83,"South Carolina",.431,2.131,-.1,1.6,.1057694,1.473777,-1,2,.4672487,1.820155,-.5,2.5,.0006503,1537.698,.8620538,1.28495,0,10,.5980427,1.855158,0,11
"SC","hsp",8,"math",.663,.0523,.4105264,-.0144045,.8045479,.978975,1.455046,2.46982,2498,"South Carolina",.167,1.867,-.1,1.6,-.2876797,1.450589,-1,2,.147586,1.40787,-.5,2.5,.0027308,366.1875,.6211048,1.476643,0,10,.319176,1.891673,0,11
"SC","hsp",8,"read",.435,.0525,.5078282,-.1504708,.8045479,.978975,1.455046,2.46982,2498,"South Carolina",-.022,1.678,-.1,1.6,-.4886567,1.399311,-1,2,-.0144324,1.348337,-.5,2.5,.0027577,362.6236,.5188523,1.316976,0,10,.2017192,1.800016,0,11
"SD","blk",4,"math",.877,.0591,.4279495,-.1573217,1.03196,.8560999,3.202985,3.275359,186.8333,"South Dakota",.507,2.207,-.1,1.6,.2297721,1.420677,-1,2,.4695542,1.851122,-.5,2.5,.0034929,286.2948,.85237,1.368426,0,10,.6289541,1.821329,0,11
"SD","blk",4,"read",.605,.0655,.3518623,-.2249555,1.03196,.8560999,3.202985,3.275359,186.8333,"South Dakota",.378,2.078,-.1,1.6,.1815398,1.155946,-1,2,.3938085,1.484521,-.5,2.5,.0042888,233.1638,.6717991,1.181764,0,10,.5082991,1.483623,0,11
"SD","hsp",4,"read",.55,.0555,.4550659,-.0558768,.754923,.8675615,2.28071,2.647511,238.0833,"South Dakota",.051,1.751,-.1,1.6,-.4413069,1.422306,-1,2,-.0339986,1.435674,-.5,2.5,.0030759,325.1047,.5585436,1.320314,0,10,.2325985,1.844095,0,11
"SD","hsp",4,"math",.752,.0557,.4458795,.0629758,.754923,.8675615,2.28071,2.647511,238.0833,"South Dakota",.143,1.843,-.1,1.6,-.3790149,1.504489,-1,2,.0675631,1.480557,-.5,2.5,.0031053,322.0335,.6213536,1.417812,0,10,.2802785,1.986334,0,11
"SD","blk",8,"math",.88,.0721,.5056326,-.1565431,1.03196,.8560999,3.202985,3.275359,186.8333,"South Dakota",.431,2.131,-.1,1.6,.1057694,1.473777,-1,2,.4672487,1.820155,-.5,2.5,.0052052,192.1174,.8620538,1.28495,0,10,.5980427,1.855158,0,11
"SD","blk",8,"read",.578,.0735,.4070815,-.2897088,1.03196,.8560999,3.202985,3.275359,186.8333,"South Dakota",.361,2.061,-.1,1.6,.1607846,1.165672,-1,2,.3933816,1.477607,-.5,2.5,.005406,184.981,.6902131,1.108518,0,10,.540767,1.400359,0,11
"SD","hsp",8,"math",.749,.0616,.4244214,.0570921,.754923,.8675615,2.28071,2.647511,238.0833,"South Dakota",.167,1.867,-.1,1.6,-.2876797,1.450589,-1,2,.147586,1.40787,-.5,2.5,.0037901,263.8473,.6211048,1.476643,0,10,.319176,1.891673,0,11
"SD","hsp",8,"read",.511,.0607,.5020117,-.0688395,.754923,.8675615,2.28071,2.647511,238.0833,"South Dakota",-.022,1.678,-.1,1.6,-.4886567,1.399311,-1,2,-.0144324,1.348337,-.5,2.5,.0036829,271.5242,.5188523,1.316976,0,10,.2017192,1.800016,0,11
"TN","blk",4,"math",.969,.0329,.2206011,.1415263,.6503901,.3515105,2.626285,2.425014,11734.42,"Tennessee",.507,2.207,-.1,1.6,.2297721,1.420677,-1,2,.4695542,1.851122,-.5,2.5,.0010817,924.4515,.85237,1.368426,0,10,.6289541,1.821329,0,11
"TN","blk",4,"read",.822,.0335,.1967252,.147687,.6503901,.3515105,2.626285,2.425014,11734.42,"Tennessee",.378,2.078,-.1,1.6,.1815398,1.155946,-1,2,.3938085,1.484521,-.5,2.5,.0011244,889.3914,.6717991,1.181764,0,10,.5082991,1.483623,0,11
"TN","hsp",4,"math",.575,.0454,.3606163,-.028378,.6726635,.8439023,1.137541,2.214032,2650.833,"Tennessee",.143,1.843,-.1,1.6,-.3790149,1.504489,-1,2,.0675631,1.480557,-.5,2.5,.0020604,485.3358,.6213536,1.417812,0,10,.2802785,1.986334,0,11
"TN","hsp",4,"read",.569,.0457,.3912758,.026632,.6726635,.8439023,1.137541,2.214032,2650.833,"Tennessee",.051,1.751,-.1,1.6,-.4413069,1.422306,-1,2,-.0339986,1.435674,-.5,2.5,.0020866,479.2487,.5585436,1.320314,0,10,.2325985,1.844095,0,11
"TN","blk",8,"read",.779,.0304,.2060646,.1125881,.6503901,.3515105,2.626285,2.425014,11734.42,"Tennessee",.361,2.061,-.1,1.6,.1607846,1.165672,-1,2,.3933816,1.477607,-.5,2.5,.0009235,1082.783,.6902131,1.108518,0,10,.540767,1.400359,0,11
"TN","blk",8,"math",.922,.0346,.2870628,.1038634,.6503901,.3515105,2.626285,2.425014,11734.42,"Tennessee",.431,2.131,-.1,1.6,.1057694,1.473777,-1,2,.4672487,1.820155,-.5,2.5,.0011961,836.0764,.8620538,1.28495,0,10,.5980427,1.855158,0,11
"TN","hsp",8,"math",.506,.0477,.3424426,-.1040117,.6726635,.8439023,1.137541,2.214032,2650.833,"Tennessee",.167,1.867,-.1,1.6,-.2876797,1.450589,-1,2,.147586,1.40787,-.5,2.5,.0022787,438.8558,.6211048,1.476643,0,10,.319176,1.891673,0,11
"TN","hsp",8,"read",.414,.0594,.4246671,-.0888435,.6726635,.8439023,1.137541,2.214032,2650.833,"Tennessee",-.022,1.678,-.1,1.6,-.4886567,1.399311,-1,2,-.0144324,1.348337,-.5,2.5,.0035282,283.4343,.5188523,1.316976,0,10,.2017192,1.800016,0,11
"TX","blk",4,"math",1,.0339,.3354093,.0609513,.8059947,.5664006,2.389931,3.202482,47562.67,"Texas",.507,2.207,-.1,1.6,.2297721,1.420677,-1,2,.4695542,1.851122,-.5,2.5,.0011473,871.5941,.85237,1.368426,0,10,.6289541,1.821329,0,11
"TX","blk",4,"read",.775,.0336,.2831501,.0140953,.8059947,.5664006,2.389931,3.202482,47562.67,"Texas",.378,2.078,-.1,1.6,.1815398,1.155946,-1,2,.3938085,1.484521,-.5,2.5,.0011263,887.8922,.6717991,1.181764,0,10,.5082991,1.483623,0,11
"TX","hsp",4,"read",.724,.0235,.6235898,-.0505425,.9443238,1.120413,1.553729,3.576492,160673.8,"Texas",.051,1.751,-.1,1.6,-.4413069,1.422306,-1,2,-.0339986,1.435674,-.5,2.5,.0005518,1812.088,.5585436,1.320314,0,10,.2325985,1.844095,0,11
"TX","hsp",4,"math",.794,.0252,.6043434,-.0535569,.9443238,1.120413,1.553729,3.576492,160673.8,"Texas",.143,1.843,-.1,1.6,-.3790149,1.504489,-1,2,.0675631,1.480557,-.5,2.5,.0006341,1577.03,.6213536,1.417812,0,10,.2802785,1.986334,0,11
"TX","blk",8,"math",.971,.0329,.3997486,.0408986,.8059947,.5664006,2.389931,3.202482,47562.67,"Texas",.431,2.131,-.1,1.6,.1057694,1.473777,-1,2,.4672487,1.820155,-.5,2.5,.0010799,925.969,.8620538,1.28495,0,10,.5980427,1.855158,0,11
"TX","blk",8,"read",.82,.0332,.2942442,.0652876,.8059947,.5664006,2.389931,3.202482,47562.67,"Texas",.361,2.061,-.1,1.6,.1607846,1.165672,-1,2,.3933816,1.477607,-.5,2.5,.0010999,909.2094,.6902131,1.108518,0,10,.540767,1.400359,0,11
"TX","hsp",8,"math",.74,.0261,.5819927,-.1094602,.9443238,1.120413,1.553729,3.576492,160673.8,"Texas",.167,1.867,-.1,1.6,-.2876797,1.450589,-1,2,.147586,1.40787,-.5,2.5,.0006793,1472.12,.6211048,1.476643,0,10,.319176,1.891673,0,11
"TX","hsp",8,"read",.743,.0269,.653038,.0120894,.9443238,1.120413,1.553729,3.576492,160673.8,"Texas",-.022,1.678,-.1,1.6,-.4886567,1.399311,-1,2,-.0144324,1.348337,-.5,2.5,.0007244,1380.364,.5188523,1.316976,0,10,.2017192,1.800016,0,11
"UT","blk",4,"read",.604,.0761,.0102941,.1160248,.2095084,.2200528,.8416175,.813265,554.6667,"Utah",.378,2.078,-.1,1.6,.1815398,1.155946,-1,2,.3938085,1.484521,-.5,2.5,.0057986,172.4545,.6717991,1.181764,0,10,.5082991,1.483623,0,11
"UT","blk",4,"math",.754,.0802,.0478701,.099721,.2095084,.2200528,.8416175,.813265,554.6667,"Utah",.507,2.207,-.1,1.6,.2297721,1.420677,-1,2,.4695542,1.851122,-.5,2.5,.0064358,155.3813,.85237,1.368426,0,10,.6289541,1.821329,0,11
"UT","hsp",4,"math",.925,.0289,.5951854,.0865413,.7924179,1.138755,1.919166,3.359851,5541.083,"Utah",.143,1.843,-.1,1.6,-.3790149,1.504489,-1,2,.0675631,1.480557,-.5,2.5,.0008352,1197.345,.6213536,1.417812,0,10,.2802785,1.986334,0,11
"UT","hsp",4,"read",.858,.0298,.6149977,.0920356,.7924179,1.138755,1.919166,3.359851,5541.083,"Utah",.051,1.751,-.1,1.6,-.4413069,1.422306,-1,2,-.0339986,1.435674,-.5,2.5,.000886,1128.703,.5585436,1.320314,0,10,.2325985,1.844095,0,11
"UT","blk",8,"read",.673,.0855,.0628143,.1489296,.2095084,.2200528,.8416175,.813265,554.6667,"Utah",.361,2.061,-.1,1.6,.1607846,1.165672,-1,2,.3933816,1.477607,-.5,2.5,.0073075,136.8448,.6902131,1.108518,0,10,.540767,1.400359,0,11
"UT","blk",8,"math",.861,.0893,.0572027,.2733597,.2095084,.2200528,.8416175,.813265,554.6667,"Utah",.431,2.131,-.1,1.6,.1057694,1.473777,-1,2,.4672487,1.820155,-.5,2.5,.0079763,125.3715,.8620538,1.28495,0,10,.5980427,1.855158,0,11
"UT","hsp",8,"math",.958,.0329,.5712814,.1190839,.7924179,1.138755,1.919166,3.359851,5541.083,"Utah",.167,1.867,-.1,1.6,-.2876797,1.450589,-1,2,.147586,1.40787,-.5,2.5,.0010855,921.1987,.6211048,1.476643,0,10,.319176,1.891673,0,11
"UT","hsp",8,"read",.729,.0359,.6224012,.0282925,.7924179,1.138755,1.919166,3.359851,5541.083,"Utah",-.022,1.678,-.1,1.6,-.4886567,1.399311,-1,2,-.0144324,1.348337,-.5,2.5,.0012924,773.7759,.5188523,1.316976,0,10,.2017192,1.800016,0,11
"VT","blk",4,"math",.696,.0728,.0601393,.0292976,.3632098,-.0311176,.5722487,1.895361,115.9167,"Vermont",.507,2.207,-.1,1.6,.2297721,1.420677,-1,2,.4695542,1.851122,-.5,2.5,.0053062,188.4579,.85237,1.368426,0,10,.6289541,1.821329,0,11
"VT","blk",4,"read",.43,.0664,.0439207,-.0918014,.3632098,-.0311176,.5722487,1.895361,115.9167,"Vermont",.378,2.078,-.1,1.6,.1815398,1.155946,-1,2,.3938085,1.484521,-.5,2.5,.004407,226.9136,.6717991,1.181764,0,10,.5082991,1.483623,0,11
"VT","hsp",4,"read",.305,.082,-.0691961,.2225161,.0999075,-.302438,.99042,1.323416,76.66667,"Vermont",.051,1.751,-.1,1.6,-.4413069,1.422306,-1,2,-.0339986,1.435674,-.5,2.5,.0067207,148.794,.5585436,1.320314,0,10,.2325985,1.844095,0,11
"VT","hsp",4,"math",.428,.0841,-.0434909,.2286086,.0999075,-.302438,.99042,1.323416,76.66667,"Vermont",.143,1.843,-.1,1.6,-.3790149,1.504489,-1,2,.0675631,1.480557,-.5,2.5,.0070653,141.5368,.6213536,1.417812,0,10,.2802785,1.986334,0,11
"VT","blk",8,"math",.753,.0679,.1036163,.1189585,.3632098,-.0311176,.5722487,1.895361,115.9167,"Vermont",.431,2.131,-.1,1.6,.1057694,1.473777,-1,2,.4672487,1.820155,-.5,2.5,.0046165,216.6144,.8620538,1.28495,0,10,.5980427,1.855158,0,11
"VT","blk",8,"read",.473,.064,.0227916,-.0104443,.3632098,-.0311176,.5722487,1.895361,115.9167,"Vermont",.361,2.061,-.1,1.6,.1607846,1.165672,-1,2,.3933816,1.477607,-.5,2.5,.0040911,244.4321,.6902131,1.108518,0,10,.540767,1.400359,0,11
"VT","hsp",8,"math",.47,.0912,-.0363255,.2394808,.0999075,-.302438,.99042,1.323416,76.66667,"Vermont",.167,1.867,-.1,1.6,-.2876797,1.450589,-1,2,.147586,1.40787,-.5,2.5,.0083186,120.2122,.6211048,1.476643,0,10,.319176,1.891673,0,11
"VT","hsp",8,"read",.0108,.0937,-.0343274,-.0328974,.0999075,-.302438,.99042,1.323416,76.66667,"Vermont",-.022,1.678,-.1,1.6,-.4886567,1.399311,-1,2,-.0144324,1.348337,-.5,2.5,.0087819,113.8702,.5188523,1.316976,0,10,.2017192,1.800016,0,11
"VA","blk",4,"read",.793,.0313,.3419627,-.0270829,.9051484,.7138908,2.445611,3.652475,23665.5,"Virginia",.378,2.078,-.1,1.6,.1815398,1.155946,-1,2,.3938085,1.484521,-.5,2.5,.0009776,1022.927,.6717991,1.181764,0,10,.5082991,1.483623,0,11
"VA","blk",4,"math",.963,.0304,.4095747,-.0530125,.9051484,.7138908,2.445611,3.652475,23665.5,"Virginia",.507,2.207,-.1,1.6,.2297721,1.420677,-1,2,.4695542,1.851122,-.5,2.5,.0009271,1078.619,.85237,1.368426,0,10,.6289541,1.821329,0,11
"VA","hsp",4,"math",.651,.038,.3108898,.0973203,.5665175,.6314096,1.242067,2.22898,7979.333,"Virginia",.143,1.843,-.1,1.6,-.3790149,1.504489,-1,2,.0675631,1.480557,-.5,2.5,.001442,693.4724,.6213536,1.417812,0,10,.2802785,1.986334,0,11
"VA","hsp",4,"read",.639,.0396,.3262936,.1614154,.5665175,.6314096,1.242067,2.22898,7979.333,"Virginia",.051,1.751,-.1,1.6,-.4413069,1.422306,-1,2,-.0339986,1.435674,-.5,2.5,.0015706,636.7186,.5585436,1.320314,0,10,.2325985,1.844095,0,11
"VA","blk",8,"math",.917,.0301,.4737102,-.0874807,.9051484,.7138908,2.445611,3.652475,23665.5,"Virginia",.431,2.131,-.1,1.6,.1057694,1.473777,-1,2,.4672487,1.820155,-.5,2.5,.0009083,1101.006,.8620538,1.28495,0,10,.5980427,1.855158,0,11
"VA","blk",8,"read",.77,.0297,.3565133,-.0475893,.9051484,.7138908,2.445611,3.652475,23665.5,"Virginia",.361,2.061,-.1,1.6,.1607846,1.165672,-1,2,.3933816,1.477607,-.5,2.5,.0008843,1130.872,.6902131,1.108518,0,10,.540767,1.400359,0,11
"VA","hsp",8,"math",.614,.0384,.2975866,.049118,.5665175,.6314096,1.242067,2.22898,7979.333,"Virginia",.167,1.867,-.1,1.6,-.2876797,1.450589,-1,2,.147586,1.40787,-.5,2.5,.0014737,678.5532,.6211048,1.476643,0,10,.319176,1.891673,0,11
"VA","hsp",8,"read",.463,.0394,.3558875,.028824,.5665175,.6314096,1.242067,2.22898,7979.333,"Virginia",-.022,1.678,-.1,1.6,-.4886567,1.399311,-1,2,-.0144324,1.348337,-.5,2.5,.0015528,643.9966,.5188523,1.316976,0,10,.2017192,1.800016,0,11
"WA","blk",4,"read",.544,.0384,.298115,-.2318492,.9950275,.6635955,2.282623,3.299387,4172.083,"Washington",.378,2.078,-.1,1.6,.1815398,1.155946,-1,2,.3938085,1.484521,-.5,2.5,.001472,679.3267,.6717991,1.181764,0,10,.5082991,1.483623,0,11
"WA","blk",4,"math",.749,.0439,.3710461,-.2286798,.9950275,.6635955,2.282623,3.299387,4172.083,"Washington",.507,2.207,-.1,1.6,.2297721,1.420677,-1,2,.4695542,1.851122,-.5,2.5,.0019262,519.1637,.85237,1.368426,0,10,.6289541,1.821329,0,11
"WA","hsp",4,"math",.813,.0307,.4484359,.1214235,.7991591,.9713475,1.397783,2.627496,11999.58,"Washington",.143,1.843,-.1,1.6,-.3790149,1.504489,-1,2,.0675631,1.480557,-.5,2.5,.0009415,1062.186,.6213536,1.417812,0,10,.2802785,1.986334,0,11
"WA","hsp",4,"read",.762,.0323,.4765216,.1339639,.7991591,.9713475,1.397783,2.627496,11999.58,"Washington",.051,1.751,-.1,1.6,-.4413069,1.422306,-1,2,-.0339986,1.435674,-.5,2.5,.0010445,957.4346,.5585436,1.320314,0,10,.2325985,1.844095,0,11
"WA","blk",8,"read",.594,.0447,.3302582,-.1970725,.9950275,.6635955,2.282623,3.299387,4172.083,"Washington",.361,2.061,-.1,1.6,.1607846,1.165672,-1,2,.3933816,1.477607,-.5,2.5,.0019999,500.0211,.6902131,1.108518,0,10,.540767,1.400359,0,11
"WA","blk",8,"math",.757,.0529,.4512996,-.2255603,.9950275,.6635955,2.282623,3.299387,4172.083,"Washington",.431,2.131,-.1,1.6,.1057694,1.473777,-1,2,.4672487,1.820155,-.5,2.5,.0027975,357.4591,.8620538,1.28495,0,10,.5980427,1.855158,0,11
"WA","hsp",8,"read",.715,.0351,.515547,.1218287,.7991591,.9713475,1.397783,2.627496,11999.58,"Washington",-.022,1.678,-.1,1.6,-.4886567,1.399311,-1,2,-.0144324,1.348337,-.5,2.5,.0012332,810.9063,.5188523,1.316976,0,10,.2017192,1.800016,0,11
"WA","hsp",8,"math",.786,.0326,.4273712,.0913484,.7991591,.9713475,1.397783,2.627496,11999.58,"Washington",.167,1.867,-.1,1.6,-.2876797,1.450589,-1,2,.147586,1.40787,-.5,2.5,.0010596,943.7759,.6211048,1.476643,0,10,.319176,1.891673,0,11
"WV","blk",4,"math",.363,.0405,.1273652,-.3710397,.5297307,.1855155,2.136263,1.828441,1071.833,"West Virginia",.507,2.207,-.1,1.6,.2297721,1.420677,-1,2,.4695542,1.851122,-.5,2.5,.0016397,609.8682,.85237,1.368426,0,10,.6289541,1.821329,0,11
"WV","blk",4,"read",.439,.0407,.1118497,-.1507767,.5297307,.1855155,2.136263,1.828441,1071.833,"West Virginia",.378,2.078,-.1,1.6,.1815398,1.155946,-1,2,.3938085,1.484521,-.5,2.5,.0016561,603.8184,.6717991,1.181764,0,10,.5082991,1.483623,0,11
"WV","hsp",4,"read",.272,.0899,.0988942,.0220996,.0115748,.362289,.6942647,.8314945,179.5833,"West Virginia",.051,1.751,-.1,1.6,-.4413069,1.422306,-1,2,-.0339986,1.435674,-.5,2.5,.0080873,123.6503,.5585436,1.320314,0,10,.2325985,1.844095,0,11
"WV","hsp",4,"math",.27,.0956,.0680591,-.0407522,.0115748,.362289,.6942647,.8314945,179.5833,"West Virginia",.143,1.843,-.1,1.6,-.3790149,1.504489,-1,2,.0675631,1.480557,-.5,2.5,.0091329,109.4946,.6213536,1.417812,0,10,.2802785,1.986334,0,11
"WV","blk",8,"read",.335,.0382,.1236829,-.24952,.5297307,.1855155,2.136263,1.828441,1071.833,"West Virginia",.361,2.061,-.1,1.6,.1607846,1.165672,-1,2,.3933816,1.477607,-.5,2.5,.0014601,684.8956,.6902131,1.108518,0,10,.540767,1.400359,0,11
"WV","blk",8,"math",.469,.0457,.189445,-.2510634,.5297307,.1855155,2.136263,1.828441,1071.833,"West Virginia",.431,2.131,-.1,1.6,.1057694,1.473777,-1,2,.4672487,1.820155,-.5,2.5,.0020876,479.0162,.8620538,1.28495,0,10,.5980427,1.855158,0,11
"WV","hsp",8,"math",.276,.099,.0605872,-.0522105,.0115748,.362289,.6942647,.8314945,179.5833,"West Virginia",.167,1.867,-.1,1.6,-.2876797,1.450589,-1,2,.147586,1.40787,-.5,2.5,.0098064,101.9739,.6211048,1.476643,0,10,.319176,1.891673,0,11
"WV","hsp",8,"read",.26,.106,.0739193,.1077472,.0115748,.362289,.6942647,.8314945,179.5833,"West Virginia",-.022,1.678,-.1,1.6,-.4886567,1.399311,-1,2,-.0144324,1.348337,-.5,2.5,.0112414,88.95654,.5188523,1.316976,0,10,.2017192,1.800016,0,11
"WI","blk",4,"math",1.31,.0409,.504722,.1992081,1.153827,.8415585,2.870172,4.390739,6480.75,"Wisconsin",.507,2.207,-.1,1.6,.2297721,1.420677,-1,2,.4695542,1.851122,-.5,2.5,.0016692,599.0823,.85237,1.368426,0,10,.6289541,1.821329,0,11
"WI","blk",4,"read",.95,.0371,.4262031,.0454875,1.153827,.8415585,2.870172,4.390739,6480.75,"Wisconsin",.378,2.078,-.1,1.6,.1815398,1.155946,-1,2,.3938085,1.484521,-.5,2.5,.0013754,727.0783,.6717991,1.181764,0,10,.5082991,1.483623,0,11
"WI","hsp",4,"math",.884,.0385,.5604653,.0808203,.9947737,.954165,1.290091,3.641517,4750.75,"Wisconsin",.143,1.843,-.1,1.6,-.3790149,1.504489,-1,2,.0675631,1.480557,-.5,2.5,.0014803,675.5363,.6213536,1.417812,0,10,.2802785,1.986334,0,11
"WI","hsp",4,"read",.709,.0345,.5709789,-.0134348,.9947737,.954165,1.290091,3.641517,4750.75,"Wisconsin",.051,1.751,-.1,1.6,-.4413069,1.422306,-1,2,-.0339986,1.435674,-.5,2.5,.0011893,840.8277,.5585436,1.320314,0,10,.2325985,1.844095,0,11
"WI","blk",8,"math",1.33,.0452,.5922741,.2087009,1.153827,.8415585,2.870172,4.390739,6480.75,"Wisconsin",.431,2.131,-.1,1.6,.1057694,1.473777,-1,2,.4672487,1.820155,-.5,2.5,.0020461,488.7448,.8620538,1.28495,0,10,.5980427,1.855158,0,11
"WI","blk",8,"read",1.05,.0374,.4352146,.1552262,1.153827,.8415585,2.870172,4.390739,6480.75,"Wisconsin",.361,2.061,-.1,1.6,.1607846,1.165672,-1,2,.3933816,1.477607,-.5,2.5,.0014002,714.1824,.6902131,1.108518,0,10,.540767,1.400359,0,11
"WI","hsp",8,"read",.668,.0397,.6194178,-.0290625,.9947737,.954165,1.290091,3.641517,4750.75,"Wisconsin",-.022,1.678,-.1,1.6,-.4886567,1.399311,-1,2,-.0144324,1.348337,-.5,2.5,.0015724,635.9765,.5188523,1.316976,0,10,.2017192,1.800016,0,11
"WI","hsp",8,"math",.783,.042,.5425549,-.0264851,.9947737,.954165,1.290091,3.641517,4750.75,"Wisconsin",.167,1.867,-.1,1.6,-.2876797,1.450589,-1,2,.147586,1.40787,-.5,2.5,.0017676,565.752,.6211048,1.476643,0,10,.319176,1.891673,0,11
"WY","blk",4,"math",.526,.0786,.0647138,-.1455282,-.0108099,.2581642,3.376728,.7096599,88.16667,"Wyoming",.507,2.207,-.1,1.6,.2297721,1.420677,-1,2,.4695542,1.851122,-.5,2.5,.0061774,161.8794,.85237,1.368426,0,10,.6289541,1.821329,0,11
"WY","blk",4,"read",.353,.0828,.0845389,-.2089026,-.0108099,.2581642,3.376728,.7096599,88.16667,"Wyoming",.378,2.078,-.1,1.6,.1815398,1.155946,-1,2,.3938085,1.484521,-.5,2.5,.0068603,145.7655,.6717991,1.181764,0,10,.5082991,1.483623,0,11
"WY","hsp",4,"math",.555,.0296,.3418766,-.0303523,.5529896,.7311644,1.474929,2.21629,681.0833,"Wyoming",.143,1.843,-.1,1.6,-.3790149,1.504489,-1,2,.0675631,1.480557,-.5,2.5,.0008763,1141.175,.6213536,1.417812,0,10,.2802785,1.986334,0,11
"WY","hsp",4,"read",.476,.0286,.3610022,-.0366728,.5529896,.7311644,1.474929,2.21629,681.0833,"Wyoming",.051,1.751,-.1,1.6,-.4413069,1.422306,-1,2,-.0339986,1.435674,-.5,2.5,.0008203,1219.058,.5585436,1.320314,0,10,.2325985,1.844095,0,11
"WY","blk",8,"math",.682,.0904,.0643874,.0864003,-.0108099,.2581642,3.376728,.7096599,88.16667,"Wyoming",.431,2.131,-.1,1.6,.1057694,1.473777,-1,2,.4672487,1.820155,-.5,2.5,.0081782,122.2757,.8620538,1.28495,0,10,.5980427,1.855158,0,11
"WY","blk",8,"read",.565,.092,.1171656,-.0126048,-.0108099,.2581642,3.376728,.7096599,88.16667,"Wyoming",.361,2.061,-.1,1.6,.1607846,1.165672,-1,2,.3933816,1.477607,-.5,2.5,.0084616,118.1808,.6902131,1.108518,0,10,.540767,1.400359,0,11
"WY","hsp",8,"math",.607,.0346,.3256613,.0136699,.5529896,.7311644,1.474929,2.21629,681.0833,"Wyoming",.167,1.867,-.1,1.6,-.2876797,1.450589,-1,2,.147586,1.40787,-.5,2.5,.0011986,834.322,.6211048,1.476643,0,10,.319176,1.891673,0,11
"WY","hsp",8,"read",.483,.0373,.3825838,.0221226,.5529896,.7311644,1.474929,2.21629,681.0833,"Wyoming",-.022,1.678,-.1,1.6,-.4886567,1.399311,-1,2,-.0144324,1.348337,-.5,2.5,.0013889,719.9973,.5188523,1.316976,0,10,.2017192,1.800016,0,11
