year,grade,sub,group,Alabama,Alaska,Arizona,Arkansas,California,Colorado,Connecticut,Delaware,District_of_Columbia,Florida,Georgia,Hawaii,Idaho,Illinois,Indiana,Iowa,Kansas,Kentucky,Louisiana,Maine,Maryland,Massachusetts,Michigan,Minnesota,Mississippi,Missouri,Montana,Nebraska,Nevada,New_Hampshire,New_Jersey,New_Mexico,New_York,North_Carolina,North_Dakota,Ohio,Oklahoma,Oregon,Pennsylvania,Rhode_Island,South_Carolina,South_Dakota,Tennessee,Texas,Utah,Vermont,Virginia,Washington,West_Virginia,Wisconsin,Wyoming,displayYear
1992,4,"math","blk",1.1025801,9999,1.0637758,1.0727291,1.1626567,1.0162673,1.4413882,1.0736729,2.1346722,1.2247534,1.1492108,.60975116,9999,9999,1.1297024,1.2440435,9999,.70687926,1.171133,9999,1.1172357,1.3024707,1.4795817,1.2786878,1.0888149,1.1810404,9999,1.3648993,9999,9999,1.4214913,.81112999,1.1080205,1.0816689,9999,.97523022,.92618811,9999,1.384029,1.1504959,1.0995266,9999,.95816994,1.1082703,9999,9999,1.0818233,9999,.67595327,1.4237704,.79545724,1991
1996,4,"math","blk",1.0883788,.82396728,1.0125411,1.1366225,1.2421244,1.1361706,1.3661495,1.0452979,2.1194184,1.1628002,.9115299,.60716861,9999,9999,1.1012127,1.0390711,9999,.71304476,1.1145772,9999,1.1755054,1.1935694,1.4118017,1.2257882,1.0639933,1.1366372,9999,1.2785772,.90476,9999,1.3345896,.85592061,1.1284955,1.0760828,.52224153,1.0727499,1.006675,.40446073,1.2968347,1.1064389,1.0780977,9999,1.0132606,1.0814536,9999,.36485842,1.0544811,.83095533,.60081011,1.3976843,.71703023,1995
2000,4,"math","blk",1.0239369,.82310955,.96130627,1.1542189,1.1971941,1.0621586,1.312613,1.0169228,2.1041648,1.100847,.87396777,.60458601,9999,1.2519312,1.072723,.90547377,1.0539114,.71921033,1.0580213,.50709379,1.1448576,1.1090541,1.3440217,1.1728885,1.0391718,1.0922341,9999,1.2309468,.8963061,9999,1.2476879,.86982954,1.113778,1.0704969,.34635878,1.1702695,1.0871619,.52504075,1.2096403,1.0623819,1.0566686,9999,1.035274,1.054637,.56111753,.47724463,1.0271391,.80613163,.52566695,1.3715982,.63860325,1999
2003,4,"math","blk",.97242665,.82246625,.92288023,1.1370337,1.122792,1.0066496,1.2867026,.99564147,2.0927246,1.0543821,.91451585,.60264909,.4521426,1.294021,1.0513558,.85211569,1.0227669,.72383446,1.0156045,.59455943,1.0989044,1.0616709,1.2931867,1.1332138,1.0205556,1.0589318,9999,1.2206155,.88996571,.52095407,1.1825116,.85999525,1.0796449,1.0663074,.59593135,1.108798,.99239969,.61547571,1.1442444,1.0293391,1.0405968,.77169383,1.0300772,1.0345244,.63491905,.56153429,1.0066324,.78751385,.46930963,1.3520336,.57978302,2002
2005,4,"math","blk",.94817996,.8220374,.89726287,1.111109,1.0697552,.95796657,1.276211,.98145396,2.0850978,1.0234054,.94987863,.60135782,.49919575,1.2869477,1.0371109,.83884841,1.0020039,.72691721,.98732656,.65286988,1.0711185,1.0377028,1.2592967,1.106764,1.0081449,1.0367303,.73767096,1.2258192,.88573873,.57575148,1.1390607,.8437885,1.045892,1.0635145,.80671889,1.0602665,.9255414,.67576569,1.1006472,1.0073105,1.0298823,.80407292,1.016276,1.0211161,.68412006,.6177274,.99296147,.77510196,.43173805,1.3389906,.54056954,2004
2007,4,"math","blk",.9392302,.82160854,.87164551,1.0736101,1.0238928,.92953557,1.2711449,.96726644,2.077471,.99242884,.97672838,.60006648,.54624891,1.2517678,1.0228661,.84342492,.98124093,.73000002,.95904863,.71118033,1.0541902,1.0198312,1.2254066,1.0803142,.99573416,1.0145288,.25753868,1.2406958,.88151181,.63054889,1.0956098,.81986135,1.0033408,1.0607215,.96762884,1.0200137,.87439924,.73605573,1.05705,.985282,1.0191678,.83645195,.99420547,1.0077078,.73332113,.67392051,.97929037,.76269013,.39416647,1.3259475,.50135607,2006
2009,4,"math","blk",.95176798,.82117969,.84602815,1.024537,.99371028,.93523383,1.2715043,.95307893,2.0698442,.96145225,.98205543,.59877521,.59330207,1.1884812,1.0086212,.8658452,.96047795,.73308277,.93077075,.76949072,1.0554724,1.008056,1.1915166,1.0538642,.9833234,.99232715,.18103781,1.2652453,.87728488,.68534636,1.052159,.78821379,.95199174,1.0579286,1.0054593,1.0003128,.8549701,.79634571,1.0134528,.96325344,1.0084532,.86883104,.9638657,.99429953,.78252214,.73011357,.96561933,.75027829,.35659489,1.3129045,.46214259,2008
2011,4,"math","blk",.99198371,.82075083,.82041079,.96388948,.98771292,.98893881,1.2772892,.93889135,2.0622175,.93047565,.9528504,.59748393,.64035517,1.0970881,.99437642,.90610927,.93971497,.73616552,.90249282,.82780117,1.0823176,1.0023774,1.1576266,1.0274144,.97091258,.97012562,.50816834,1.2994678,.8730579,.74014378,1.0087081,.74884582,.89184451,1.0551356,.84700835,1.0134376,.88325077,.85663569,.96985561,.94122493,.99773878,.90121013,.92525655,.98089123,.83172315,.78630668,.95194829,.7378664,.31902334,1.2998614,.42292911,2010
2013,4,"math","blk",1.0660678,.82032198,.79479343,.89166772,1.0144061,1.1045278,1.2884996,.92470384,2.0545907,.89949906,.8761037,.59619266,9999,.97758836,.98013157,.96421713,.91895199,.73924828,.87421489,.88611156,1.1420785,1.0027952,1.1237366,1.0009646,.95850182,.94792408,9999,1.3433633,.86883098,9999,.96525723,.70175749,.82289916,1.0523427,.41907409,1.0716616,.97523808,.91692573,.92625839,.91919637,.98702425,.93358916,.87837815,.96748292,9999,9999,.93827724,.72545457,.28145176,1.2868184,9999,2012
1992,4,"math","hsp",9999,9999,.80709732,9999,.96473151,.79168016,1.3105301,1.3818549,1.8292122,.5874967,.80368215,.52445889,.91459417,9999,.79702371,.57362318,9999,9999,.68354601,9999,.6716457,1.2789096,.62855893,.72916263,9999,9999,9999,.82563347,9999,9999,1.176379,.80032104,1.0410132,.32570735,9999,.42440087,.67991626,9999,1.1295427,1.3475451,9999,9999,9999,.82247752,.7060678,9999,.4252694,9999,9999,.87658077,.54367161,1991
1996,4,"math","hsp",9999,.69935983,.90995497,9999,.97559285,.86933404,1.219682,1.126581,1.8014125,.56957823,.7562049,.63933212,.88150984,9999,.74212009,.70761061,9999,9999,.50176382,9999,.67311597,1.2174398,.92181706,.89124042,9999,.55117482,.3003509,1.1029648,.73955184,9999,1.1040968,.75524688,1.1931083,.51198494,.78024411,.45655726,.6358127,.98686469,1.0698916,1.2525235,9999,9999,9999,.81728214,.78771299,9999,.55430555,.82759237,9999,.87796372,.5434075,1995
2000,4,"math","hsp",.8274591,.64828574,.95392144,.64855367,.98645413,.90308945,1.1529465,.95925961,1.7736127,.55165981,.70872766,.68669629,.84842551,.85641462,.68721646,.77958989,.82155859,9999,.38661781,9999,.67458618,1.1559701,.92694867,.98480362,9999,.53535825,.31647113,1.1375878,.74868536,9999,1.0318146,.77477038,1.120808,.63714606,.73132294,.48871365,.59170914,.82855469,1.0102404,1.1575019,.47190464,9999,.33872691,.8120867,.85209239,9999,.63721973,.82337642,9999,.87934662,.54314333,1999
2003,4,"math","hsp",.76153588,.60998017,.94824892,.59970617,.99460012,.928406,1.1187186,.83376861,1.752763,.538221,.67311972,.67791659,.82361227,.9402265,.64603877,.79288149,.64400589,.22031456,.34398821,9999,.67568886,1.1098678,.82331401,1.0100133,9999,.52349579,.32856131,1.0684757,.77540892,.75254059,.9776029,.79702264,.98834622,.69090915,.69463211,.6346401,.58116996,.83602011,.96550208,1.0862356,.51457977,.66571301,.40064946,.80819017,.88904619,.08077313,.66913784,.82021445,9999,.88038379,.54294521,2002
2005,4,"math","hsp",.71758705,.58444309,.92606372,.56714123,1.0000308,.92732525,1.1034353,.78608865,1.7388631,.52926177,.6493811,.65096688,.80707014,.95353687,.61858696,.78236496,.66314667,.64605904,.33639228,9999,.67642397,1.0791329,.73483378,1.0054091,.53767759,.51558751,.33662143,1.0021374,.78572798,.74076051,.9414618,.8019293,.88967496,.70765227,.6701715,.71755046,.58097363,.86265022,.93567652,1.0387249,.54302984,.69653136,.44193119,.80559248,.90828651,.25885949,.67600346,.81810647,9999,.88107526,.54281312,2004
2007,4,"math","hsp",.67363822,.55890602,.88915575,.53457624,1.0054613,.91826296,1.0941801,.75440001,1.7249633,.52030253,.62564248,.60713989,.790528,.93279588,.59113514,.75634646,.72455466,.65670788,.34545538,.51684803,.67715907,1.048398,.65062296,.98367614,.51789725,.50767922,.34468156,.93515128,.77949679,.72898042,.9053207,.79046136,.79944581,.70911634,.64571095,.76686925,.58624125,.88268387,.90585095,.99121404,.57147992,.7273497,.48321289,.80299473,.92321038,.43694586,.67133856,.81599849,.42691132,.88176674,.54268104,2006
2009,4,"math","hsp",.62968946,.533369,.83752495,.50201124,1.010892,.90121913,1.0909531,.73870283,1.7110635,.5113433,.60190386,.54643565,.7739858,.87800342,.56368333,.71482587,.77016687,.46753123,.37117746,.4797343,.67789418,1.0176631,.58763731,.94481462,.49811694,.49977097,.35274169,.88085729,.74766988,.71720034,.86917961,.75539124,.73200119,.69530123,.62125039,.76366019,.5969727,.87561923,.87602532,.94370323,.59992999,.7581681,.52449459,.80039704,.9338178,.6150322,.6551432,.81389052,.24163669,.88245821,.54254901,2008
2011,4,"math","hsp",.58574063,.50783193,.77117133,.46944627,1.0163226,.87619376,1.0937542,.7389971,1.6971636,.50238413,.57816523,.46885416,.75744367,.78915966,.53623152,.65780324,.74192023,.29379931,.41355863,.44262058,.67862928,.98692834,.56283265,.8888244,.47833657,.49186268,.36080179,.85259521,.68120188,.70542026,.83303851,.68949127,.70168352,.66620702,.59678978,.68898708,.613168,.82095438,.84619975,.89619243,.62838006,.78898644,.56577629,.79779935,.94010872,.79311854,.62741733,.81178254,.05636209,.88314962,.54241693,2010
2013,4,"math","hsp",.54179186,.48229486,.69009489,.4368813,1.0217533,.8431868,1.1025834,.75528276,1.6832638,.49342489,.55442655,.37439537,.74090147,.66626441,.5087797,.58527863,.5817517,.35078219,.47259879,9999,.67936438,.95619345,.59316474,.8157056,.45855623,.4839544,.36886191,.86370492,.57104743,.69364017,.79689741,.58553398,.72283518,.62183368,.57232922,.5239135,.6348272,.69818735,.81637418,.84868157,.65683019,.81980479,.60705805,.79520166,.94208318,9999,.58816099,.80967456,9999,.8838411,.54228485,2012
1992,4,"read","blk",.96372992,9999,.77364826,.92623979,.88508272,.68142867,1.1996148,.84035838,1.8147708,.99600565,.92520028,.38700554,9999,9999,.88569683,.74673647,9999,.64957994,.87759632,9999,.84262723,.92659187,1.2154462,1.0586672,.99473196,.9479205,9999,.90481168,9999,9999,1.1615329,.71292162,.88705075,.80398083,9999,.76288831,.84757096,9999,1.2266713,.90280503,.97829729,9999,.88053834,.84564418,9999,9999,.92314762,9999,.56136304,.97985053,9999,1991
1994,4,"read","blk",.94365591,9999,.75666869,.96374363,.8776769,.79544169,1.1808203,.77044106,1.8475841,.97582549,.90685612,.38572589,9999,9999,.8684746,.75290418,9999,.64994395,1.0771481,9999,.95072389,.92718774,1.1862148,.98326093,.97429186,.90570581,9999,.8940587,9999,.13027865,1.1274705,.69293916,.99391848,.8451438,.61413997,.78203579,.83065019,9999,1.1867371,.88507593,.95527947,9999,.87153691,.97100651,9999,9999,.90752208,.55357409,.54534662,.97831303,.62506336,1993
1998,4,"read","blk",.90350789,9999,.7227096,1.0024519,.86286515,.85987377,1.1432316,.73424417,1.9132106,.9354651,.87016791,.38316655,9999,9999,.83403012,.76523954,9999,.65067202,1.18845,.29296643,1.0226548,.92837948,1.1277519,.95268852,.93341172,.83941609,9999,.87255266,.72171474,.22011778,1.0593458,.65297431,1.0585346,.89701498,.43300058,.82033075,.79680866,.67681968,1.1068686,.84961778,.90924394,9999,.85353398,1.0345964,.79334563,9999,.87627107,.50376385,.51331383,.97523808,.52454996,1997
2002,4,"read","blk",.86335987,9999,.68875045,.99276072,.84805346,.80082574,1.1056428,.77275527,1.9256605,.89510477,.83347964,.38060725,.28019223,9999,.79958564,.7775749,.6647414,.65140009,1.0548899,.09439079,.97804594,.92957121,1.0692891,.999753,.89253151,.79731262,9999,.85104662,.70582169,.3099569,.99122106,.61300945,.98759431,.90827978,.25186118,.85862571,.76296711,.66554129,1.0270001,.81415963,.86320841,9999,.83553112,.94043571,.35330573,.11834915,.84502006,.49085367,.48128098,.97216315,.42403656,2001
2003,4,"read","blk",.85332286,.50778639,.68026066,.98277557,.84435052,.78606373,1.0962456,.7851299,1.9221259,.88501465,.82430756,.37996742,.31229219,1.0330542,.7909745,.78065872,.76974308,.65158212,1.0027694,.08983863,.95934516,.92986917,1.0546734,1.0120225,.88231146,.79056585,9999,.8456701,.70184845,.33241668,.97418988,.60301822,.9575758,.90475124,.23686428,.86819947,.75450671,.66272169,1.007033,.80529511,.85169953,.63424802,.83103037,.90515107,.37811217,.16746478,.83720732,.49339175,.47327277,.97139442,.3989082,2002
2005,4,"read","blk",.83324885,.53678828,.66328108,.95373034,.8369447,.75592935,1.0774512,.80484426,1.9070802,.86483449,.80596346,.37868777,.37649214,1.0124933,.77375227,.78682643,.82297689,.65194613,.89427853,.13484441,.92283541,.93046504,1.025442,1.0263134,.86187136,.78160721,.39184329,.83491713,.69390196,.37733626,.94012749,.58303583,.89110273,.89008045,.22706243,.88734692,.73758596,.6570825,.96709865,.78756601,.82868177,.61858696,.82202893,.83253229,.50960624,.26569605,.82158178,.50538671,.45725635,.96985692,.3486515,2004
2007,4,"read","blk",.81317484,.56579012,.64630151,.91258526,.82953882,.74761188,1.0586568,.80991095,1.8813992,.84465432,.78761935,.37740812,.4406921,.99193221,.75653005,.79299408,.75405866,.65231013,.79748082,.25199696,.89699101,.93106091,.99621052,1.0166047,.84143126,.77869517,.35907015,.82416409,.68595541,.42225581,.90606517,.56305337,.82395703,.8652581,.24418321,.90649444,.72066516,.6514433,.92716444,.76983696,.805664,.6029259,.8130275,.76865107,.67418152,.3639273,.80595624,.52660668,.44123995,.96831948,.2983948,2006
2009,4,"read","blk",.79310083,.59479195,.62932199,.85934043,.82213295,.77588832,1.0398624,.79080862,1.8450828,.82447416,.76927519,.37612844,.50489205,.97137117,.73930782,.79916179,.6672374,.6526742,.73320717,.44129634,.89318341,.93165678,.96697909,.97049379,.82099122,.78182966,.32629704,.81341106,.67800891,.46717539,.87200278,.54307097,.76562899,.83028412,.2882266,.92564189,.70374441,.64580411,.88723016,.75210786,.78264624,.58726484,.80402607,.7272718,.78052545,.46215856,.79033077,.55705166,.42522353,.96678197,.2481381,2008
2011,4,"read","blk",.77302682,.62379384,.61234242,.79399574,.81472713,.85553575,1.021068,.73801583,1.7981311,.80429393,.75093108,.37484878,.56909198,.95081019,.72208554,.80532944,.66676217,.6530382,.72228867,.70274246,.92278421,.93225265,.93774766,.87557822,.80055112,.79101068,.29352391,.80265808,.67006242,.51209497,.83794039,.52308851,.72560906,.78515857,.35919261,.94478935,.68682367,.64016491,.84729588,.73437881,.75962842,.57160383,.79502463,.72215879,.73732543,.56038982,.77470523,.59672165,.40920711,.96524447,.1978814,2010
2013,4,"read","blk",.75295281,.65279567,.59536284,.71655118,.80732125,1.0013312,1.0022736,.6420114,1.7405441,.78411376,.73258698,.37356913,9999,.93024915,.70486331,.81149715,.85688186,.65340227,.7855562,1.0363355,.99716485,.93284851,.90851623,.71945548,.78011101,.80623829,9999,.79190505,.66211593,.55701452,.80387807,.50310606,.71338761,.72988141,.45708123,.96393687,.66990286,.63452572,.80736166,.71664971,.73661065,.55594277,.78602314,.76707649,9999,9999,.75907975,.64561665,.39319068,.96370703,9999,2012
1992,4,"read","hsp",9999,9999,.70989281,9999,1.032431,.74883831,1.430395,.78418589,1.6831567,.5511564,.82438034,.67568111,.8214063,9999,.91292578,.36842769,9999,9999,9999,9999,.69812047,1.2329414,.72970539,.87310815,9999,9999,9999,.53779012,9999,9999,1.2354265,.68039739,1.0912985,9999,9999,.64910388,.64493412,9999,1.0543494,.98242348,9999,9999,9999,.78759283,.72236931,9999,.40239853,9999,9999,.74581349,.57050103,1991
1994,4,"read","hsp",9999,9999,.8071698,9999,1.0185764,.76407725,1.2601712,.76740605,1.7066968,.53662068,.79749882,.60167128,.81122085,9999,.51852882,.45323142,9999,9999,.18550342,9999,.68806601,1.2056036,.73021205,.74257559,9999,9999,.31563103,.60132205,9999,9999,1.0210724,.68033713,1.0506887,.61601239,.27670535,.64048113,.63296833,9999,1.0310564,.96762246,.64939171,9999,9999,.82297957,.73851603,9999,.43007159,.74125981,9999,.69509405,.55895573,1993
1998,4,"read","hsp",9999,9999,.89008087,.59806991,.9908672,.79455525,1.0702287,.73384643,1.7537769,.50754917,.74373591,.49108836,.79084994,9999,.42786556,.58016509,9999,9999,.22509959,9999,.66795713,1.1509281,.73122537,.68634421,9999,.42509434,.32273021,.66783124,.62562668,9999,.90279478,.68021667,.96946955,.63865894,.42063399,.62323562,.60903674,.8811236,.98447043,.93802041,.60974956,9999,.4115853,.81257647,.77080953,9999,.48541772,.74729222,9999,.63002205,.53586507,1997
2002,4,"read","hsp",.8054601,9999,.86780256,.50786698,.96315795,.8250332,1.0157211,.70028675,1.7370033,.47847769,.68997294,.43042111,.77047902,9999,.33720231,.65020049,.59997153,.2859728,.26469576,9999,.64784819,1.0962527,.69882017,.78744227,9999,.41482395,.32982942,.73434043,.68198913,9999,.78451718,.68009621,.88825029,.66130549,.56456262,.60599011,.58510518,.72546744,.93788445,.90841836,.57010734,9999,.46989152,.7491377,.80310297,9999,.54076385,.75332457,9999,.61950049,.51277441,2001
2003,4,"read","hsp",.60497594,.5324381,.85193795,.52466518,.95623064,.83265269,1.0140817,.69189686,1.7248282,.47120982,.67653221,.42305362,.76538628,.84708321,.39745221,.65881896,.60334146,.28019667,.27459481,.18258281,.64282095,1.0825838,.68654156,.82101768,.45646811,.41225636,.33160421,.73734289,.6892525,.72952491,.75494778,.68006611,.86794549,.66696715,.5739252,.60167873,.5791223,.72910607,.92623794,.90101784,.56019682,.76768714,.48446807,.73275363,.81117636,.08622764,.55460036,.75483268,9999,.61687011,.50700176,2002
2005,4,"read","hsp",.46664858,.49078581,.81358606,.57615376,.94237602,.84789163,1.0166253,.67511702,1.6909,.45667407,.64965069,.41767785,.75520086,.82675689,.5237866,.66538751,.61008132,.26864436,.29439288,.32809836,.63276649,1.0552461,.65697157,.88293308,.45890826,.40712115,.33515382,.73426461,.69558662,.54779357,.78010184,.68000585,.82733583,.67829043,.57490391,.59305596,.56715649,.76054585,.90294498,.88621682,.54037571,.69427705,.51362115,.70660114,.82732308,.17237823,.58227348,.75784886,9999,.63282341,.49545643,2004
2007,4,"read","hsp",.55237603,.44913352,.77186251,.62356853,.92852139,.86313063,1.0187771,.65833718,1.644201,.44213834,.62276924,.42478099,.74501538,.80643058,.62793541,.65773141,.61682123,.25709209,.31419098,.37077492,.62271202,1.0279083,.62071782,.92339528,.46134838,.40198597,.33870342,.71907544,.69099706,.45495564,.81011778,.67994565,.78672624,.6896137,.55222076,.58443326,.55519068,.79858285,.87965196,.87141579,.5205546,.62086695,.54277426,.69616956,.8434698,.25852883,.60994649,.76086503,-.08591555,.66089898,.4839111,2006
2009,4,"read","hsp",.71079862,.40748122,.73331743,.63339335,.91466677,.87836963,1.0107516,.64155734,1.5847313,.42760259,.59588778,.44436303,.7348299,.78610426,.67394048,.63585079,.62356108,.2455398,.33398905,.31061247,.61265761,1.0005707,.57778043,.92503691,.46378854,.39685076,.34225303,.69177526,.675484,.45101115,.83309251,.67988539,.74611658,.70093697,.50587583,.57581049,.54322493,.81247354,.856359,.85661477,.50073349,.54745686,.57192737,.70973873,.85961652,.34467942,.63761961,.76388121,.25830835,.70109689,.47236577,2008
2011,4,"read","hsp",.79055661,.36582893,.70450103,.57211214,.90081215,.89360857,.98276275,.6247775,1.512491,.41306683,.56900626,.47642401,.72464448,.76577801,.62584358,.59974557,.63030094,.23398751,.35378715,.14761101,.60260314,.97323287,.52815926,.87049061,.46622869,.39171559,.34580263,.65236413,.64904737,.53596014,.83712298,.67982519,.70550698,.71226025,.43586895,.56718773,.53125912,.77147448,.83306599,.84181374,.48091242,.47404677,.60108048,.75558871,.87576324,.43083003,.66529262,.76689738,.60253221,.75341713,.46082044,2010
2013,4,"read","hsp",.64029038,.32417664,.69196349,.40620884,.88695759,.90884757,.92502469,.60799772,1.4274799,.39853111,.54212481,.52096391,.714459,.74545169,.44768655,.54941577,.63704085,.22243522,.37358522,9999,.59254867,.94589514,.47185445,.74238914,.46866885,.38658038,.34935221,.60084206,.61168712,.70980251,.81030601,.67976493,.66489732,.72358352,.34220022,.55856496,.51929331,.64484209,.80977303,.82701272,.46109131,.40063667,.63023359,.84199929,.89191002,9999,.69296575,.76991355,9999,.81785971,.44927511,2012
1990,8,"math","blk",1.1317452,9999,.90599608,1.3140711,1.2511543,1.0936311,1.2979219,.9496454,2.0802736,1.0772272,1.0024937,.63476038,9999,1.3593932,1.0890009,.99337673,9999,.70612222,1.0938963,9999,1.2134441,9999,1.5030155,1.3650188,9999,9999,9999,1.5877608,9999,9999,1.4397579,1.22452,1.3363936,.98676848,9999,1.3146435,1.2069256,.95469952,1.2520204,1.1418608,9999,9999,9999,1.279492,9999,9999,.96721101,9999,.77885181,1.5249699,9999,1989
1992,8,"math","blk",1.1400907,9999,.88973773,1.2810665,1.2086365,1.0809293,1.3282353,.94814873,1.9798981,1.2070212,1.0706519,.6022467,9999,1.3380865,1.0699415,.98925805,9999,.709508,1.1785084,.30419978,1.1963718,.95165557,1.4680231,1.3446344,1.0948861,1.1222556,9999,1.3834128,9999,9999,1.3965205,1.11096,1.3003457,.98323286,9999,1.1773075,1.1637001,.92083416,1.2361014,1.1237687,1.0666809,9999,1.0709604,1.2456517,9999,9999,.98861545,9999,.74202704,1.5041038,9999,1991
1996,8,"math","blk",1.1401787,1.1819739,.85722107,1.2150576,1.1364312,1.0555255,1.3590823,.94515538,1.9682499,1.2861398,1.1055592,.53721935,9999,1.2954731,1.0318228,.98102063,9999,.71627963,1.2265228,.39410402,1.1622272,1.050408,1.3980379,1.3038658,1.0975474,1.1885475,9999,1.2075522,9999,9999,1.3100457,.93107694,1.2282499,.97616154,.7251386,1.1097068,1.0772492,.85310346,1.2042635,1.0875843,1.0385641,9999,1.0817771,1.1779711,9999,9999,1.0125104,1.0807298,.66837758,1.4623716,9999,1995
2000,8,"math","blk",1.1181294,.9822853,.82470435,1.1490487,1.0813328,1.0301217,1.3502227,.94216204,2.0877447,1.1678128,1.0501155,.47219196,9999,1.2528597,.99370408,.97278323,1.1643242,.72305125,1.1595212,.48400825,1.1280824,1.0960968,1.3280529,1.263097,1.0855688,1.2050155,9999,1.230298,.88221425,9999,1.2235709,.81417638,1.156154,.96909022,.74638752,1.042106,.99079829,.78537279,1.1724256,1.0513998,1.0104473,9999,1.0613104,1.1102905,.86845404,9999,1.0111866,.8309406,.59472811,1.4206393,9999,1999
2003,8,"math","blk",1.0870647,.83251882,.80031681,1.0995419,1.0512354,1.0110688,1.3175205,.93991703,2.1760857,1.0790675,.98162371,.42342144,9999,1.2208996,.96511507,.96660519,1.0863259,.72812998,1.067428,.55143642,1.1024739,1.0955402,1.2755641,1.2325206,1.0669773,1.1846697,9999,1.2969581,.89271051,.81417263,1.1587148,.76783323,1.1020821,.96378678,.76232421,1.0704687,.92596006,.73457479,1.1485472,1.0242616,.98935974,.8123818,1.0254308,1.0595301,.86070973,.57950282,.99364406,.64359868,.539491,1.3893402,.35477743,2002
2005,8,"math","blk",1.059437,.78167701,.78405845,1.0665375,1.0365164,.99836695,1.2833108,.93842036,2.2003405,.99370962,.93576592,.39090776,.36497131,1.1995929,.94605565,.96248645,1.034327,.73151582,.9992131,.59638852,1.0854015,1.0785867,1.2405715,1.2121363,1.0500079,1.1555359,9999,1.3335624,.89970803,.75152892,1.1154774,.75661987,1.0660342,.96025109,.77294874,1.0855261,.88273466,.70070946,1.1326282,1.0061693,.97530133,.8328495,.99173498,1.0256898,.85554683,.64249659,.97406816,.70027262,.50266623,1.3684741,.48185906,2004
2007,8,"math","blk",1.026275,.75261408,.76780009,1.033533,1.0260742,.98566508,1.2391745,.93692368,2.17571,.9172352,.89760154,.35839409,.69294083,1.1782862,.92699635,.95836776,.98232812,.73490161,.93369728,.64134061,1.0683292,1.0483673,1.2055789,1.1917518,1.0293787,1.1139462,9999,1.3443259,.90670556,.68888515,1.07224,.76115215,1.0299863,.95671546,.78357315,1.0855236,.83950913,.66684413,1.1167094,.98807716,.96124291,.85331714,.95021844,.99184948,.85038394,.70549023,.94818759,.77507347,.4658415,1.347608,.60894072,2006
2009,8,"math","blk",.98757875,.74533004,.75154179,1.0005285,1.0199087,.97296321,1.1851114,.93542701,2.0840452,.86083996,.87385976,.32588041,.74834597,1.1569794,.90793693,.95424908,.93032926,.73828745,.87787008,.68629277,1.0512569,1.004882,1.1705863,1.1713675,1.0050893,1.0599005,.70786148,1.3124727,.91370308,.62624145,1.0290025,.78143007,.99393839,.95317984,.79419768,1.0601928,.79628372,.6329788,1.1007904,.96998495,.9471845,.87378484,.90088099,.95800918,.84522104,.768484,.91600239,.83387202,.42901677,1.3267418,.73602235,2008
2011,8,"math","blk",.94334811,.75982487,.73528343,.96752399,1.0180199,.96026129,1.1211218,.93393034,1.9071968,.83571953,.87126958,.2933667,.53118682,1.1356728,.88887763,.95013034,.87833035,.74167323,.83872104,.73124486,1.0341846,.94813073,1.1355939,1.1509832,.97714001,.9933989,.22440904,1.2212267,.92070055,.56359768,.98576522,.81745356,.95789045,.94964415,.80482209,.99926591,.7530582,.5991134,1.0848714,.95189279,.93312609,.89425254,.84372276,.92416888,.84005815,.83147764,.87751251,.84253907,.39219201,1.3058758,.86310399,2010
2013,8,"math","blk",.89358318,.79609865,.71902508,.93451953,1.0204079,.94755942,1.0472054,.93243366,1.6270158,.85306954,.89656031,9999,9999,1.1143661,.86981821,.94601166,.8263315,.74505907,.82323974,.77619696,1.0171121,.87811351,1.1006013,1.1305989,.94553065,.91444135,9999,1.0538117,.92769808,9999,.94252777,.8692227,.92184258,.94610852,.81544662,.89247471,.70983279,9999,1.0689524,.93380058,.91906768,.91472018,.77874374,.89032859,9999,.89447141,.8327179,.76694536,.35536727,1.2850096,9999,2012
1990,8,"math","hsp",9999,9999,1.0081911,9999,1.0876373,.95937765,1.4689906,.66658163,1.4205654,.63673139,9999,.63275468,.86586899,1.1650679,.5870533,.77267826,9999,9999,.66264582,9999,.70059204,9999,.80022556,9999,9999,9999,9999,.79391509,9999,9999,1.3991805,.87297225,1.2322581,9999,9999,.83368123,.78060973,.60439092,1.0185709,1.3275422,9999,9999,9999,1.0111413,9999,9999,.34764579,9999,9999,1.0105041,.62630326,1989
1992,8,"math","hsp",9999,9999,.98661333,9999,1.0649428,.88400906,1.3747234,.74324703,1.5738634,.74206942,9999,.61433715,.85740429,1.1236796,.67986709,.76673466,9999,9999,.63369125,9999,.62110263,1.3138235,.78565395,1.0393894,9999,.55087703,9999,.85911953,9999,9999,1.1827563,.8339864,1.1646442,9999,9999,.81159651,.62094432,.66033137,1.0009221,1.2892598,9999,9999,9999,.93084067,.76623219,9999,.32603452,9999,9999,.98489022,.67081153,1991
1996,8,"math","hsp",9999,.75911754,.94345784,9999,1.019554,.85672927,1.2237613,.84423417,1.7954953,.80928969,.37460783,.57750207,.8404749,1.0409031,.80392587,.75484747,9999,9999,.57578206,9999,.61138755,1.2387522,.75651073,1.0163604,9999,.53546005,.50527656,.95396584,9999,9999,1.0884894,.80872011,1.0505134,.38278931,.87816173,.76742715,.58522475,.77221227,.96562463,1.212695,9999,9999,9999,.83715922,.81098753,9999,.3738378,1.019803,9999,.9336623,.72632825,1995
2000,8,"math","hsp",9999,.70754907,.90030235,.73437476,.97416514,.93175462,1.1228958,.84925802,1.9038416,.71863249,.61853385,.540667,.82354552,.9581266,.84589297,.74296026,.91936004,9999,.51787287,9999,.71442527,1.163681,.72736752,.99333149,9999,.52004302,.47432911,1.0013955,.83543211,9999,.99422252,.82012743,.96451169,.64365757,.81299692,.72325779,.54950517,.82290965,.93032717,1.1361302,9999,9999,.60966253,.80167484,.85574287,9999,.48685145,.82563077,9999,.88243442,.73717844,1999
2003,8,"math","hsp",.72034425,.66887271,.86793578,.66689128,.9401235,.98802364,1.0801225,.85302591,1.9107578,.65063959,.70330429,.51304066,.81084847,.89604419,.82349557,.73404485,.85355765,.77074945,.47444093,9999,.8034246,1.1073776,.70551008,.97605979,.59938931,.50848025,.45111853,1.0058504,.80480969,.85883808,.92352235,.82849485,.91847008,.74577206,.76412332,.69013077,.62969512,.82881135,.90385407,1.0787066,.71889681,.89277357,.56315541,.7908541,.88930935,9999,.57386738,.68000156,9999,.84401351,.71600372,2002
2005,8,"math","hsp",.72690362,.64308846,.846358,.62190229,.91742909,1.0166476,1.0672621,.81628013,1.8799669,.5837304,.71306837,.49462315,.80238378,.85465592,.78291035,.72810125,.8096894,.69080991,.44548634,9999,.84407681,1.0698421,.69093847,.96454531,.52837145,.50077176,.43564481,.9940027,.78439474,.83946878,.93211663,.82453346,.89656603,.7693072,.73154092,.66804612,.67708838,.81744993,.88620532,1.0404242,.69389778,.84125257,.53215069,.78243363,.91168702,9999,.61715788,.76854813,9999,.81839955,.68792897,2004
2007,8,"math","hsp",.73346299,.61730427,.82478029,.57691324,.89473468,1.0222391,1.0669258,.76208645,1.8208545,.52340299,.68543273,.47620562,.79391909,.81326765,.72180218,.72215766,.76582116,.6108703,.41653174,.58872694,.85468799,1.0323064,.67636687,.95303082,.45735356,.49306327,.42017108,.97030085,.76397979,.82009947,.9229154,.80706036,.88169426,.7572093,.69895852,.6459614,.70305014,.79385179,.86855656,1.0021418,.66889876,.78973156,.50114596,.76761764,.93406469,.51077414,.63884473,.8545993,9999,.79278558,.64868754,2006
2009,8,"math","hsp",.74002236,.59152001,.80320257,.53192425,.87204027,.99438959,1.0791136,.69044495,1.7334208,.47847894,.62039751,.45778808,.78545439,.77187943,.64017105,.71621406,.72195292,.5309307,.38757715,.47408146,.82231832,.99477088,.66179526,.94151634,.3863357,.48535478,.40469736,.93474478,.74356484,.80073023,.88194174,.77103549,.87385476,.70947838,.66637611,.62387675,.69337076,.75801694,.8509078,.96385944,.64389974,.73821056,.47014123,.74175179,.95644236,.32960007,.63050425,.89179212,.09564242,.76717162,.59827954,2008
2011,8,"math","hsp",.74658173,.56573576,.78162479,.48693523,.8493458,.92269081,1.1038256,.60135555,1.6176658,.45777994,.51796257,.43937051,.7769897,.73049116,.53801703,.71027046,.67808467,.45099112,.35862255,.35943598,.73402792,.95723528,.64722365,.93000185,.31531784,.47764626,.38922361,.88733453,.7231499,.78136092,.79521859,.71141881,.87304747,.62611449,.63379365,.6017921,.63384044,.70994544,.83325905,.92557704,.61890078,.68668956,.43913651,.70018172,.97882003,.14842597,.58371288,.83376348,.44556633,.74155772,.5367049,2010
2013,8,"math","hsp",.75314111,.53995156,.76004708,.44194624,.82665139,.79673439,1.1410617,.49481833,1.4735893,.4701277,.37812802,.42095298,.768525,.68910289,.41534007,.70432687,.63421643,.37105155,.32966796,9999,.57687706,.91969967,.63265204,.91848737,.24429996,.46993777,.37374988,.8280701,.70273501,.76199162,.64876902,.62317026,.87927252,.50711757,9999,.57970738,.51024938,.64963722,.81561035,.88729465,.59390175,.63516855,.40813178,.63825303,1.0011977,9999,.49004704,.63415051,9999,.71594375,.4639636,2012
1998,8,"read","blk",.89127088,9999,.96510077,.98319656,.84749073,.9236908,1.1639597,.74243337,1.6835972,.99885321,.88308901,.10332458,9999,9999,9999,9999,9999,.77624917,1.0285794,9999,.96427178,.91975844,9999,1.0647724,.89986861,.83939928,9999,9999,.77872223,9999,9999,.43391094,1.0464474,.80925852,9999,9999,.66693699,.5923627,9999,.4721182,.88871878,9999,.97802413,.88707542,9999,9999,.82884103,.56585521,.72015083,1.1294572,9999,1997
2002,8,"read","blk",.86113209,9999,.73349619,.92955458,.7789638,.76614256,1.0910131,.88880605,1.677326,.85428172,.82775944,.19096696,.35246003,9999,.69947296,9999,.87603903,.66028458,.93239838,.58979189,.82983857,.90364891,.88553846,1.0086802,.89571977,.8994385,9999,1.0140166,.74176776,9999,9999,.52841878,.98102438,.88877493,9999,.76614636,.86709809,.5739482,.95261061,.70640427,.85753417,9999,.81649613,.86661768,.8341952,.34498787,.84449178,.58793378,.56197613,1.1469349,.60002923,2001
2003,8,"read","blk",.8535974,.6322614,.69541627,.93722963,.77088737,.7267555,1.0727764,.8858273,1.6757581,.82490313,.81392705,.21287756,.33053466,.94499403,.77799433,.76551211,.87077749,.6450727,.89890593,.58373183,.83479798,.89962155,.90910554,.99465722,.89468253,.90689659,9999,.99213237,.73252916,.23787495,.94616151,.55204576,.96466863,.89597797,.1664861,.81689978,.84770393,.56934458,.94744855,.74695516,.849738,.35581911,.81360674,.86150324,.79813278,.35588235,.83015531,.59345341,.52243245,1.1513044,.5717696,2002
2005,8,"read","blk",.83852798,.56081814,.64304185,.95967752,.76560092,.70436013,1.036303,.84932166,1.6726226,.7742632,.78626227,.25669876,.28668392,.93348229,.82355303,.75645727,.86025447,.63118416,.83074266,.5716117,.86602199,.89156681,.93798941,.96661115,.89260811,.9127506,.85131633,.94836384,.7140519,.36558524,.92606503,.59929967,.93195713,.89517266,.24450634,.88769281,.76605213,.56013733,.93712437,.80643231,.83414572,.43504208,.82678139,.85127437,.72600788,.37767133,.79237032,.60449272,.44334513,1.1126288,.51525038,2004
2007,8,"read","blk",.82345855,.61147195,.62238145,.97425085,.77480292,.71418124,.99982965,.78821659,1.6694869,.73444605,.75859749,.30051994,.24283317,.92197049,.77902228,.74740249,.84973145,.63934243,.77068245,.55949157,.90186596,.88351202,.94253951,.93856508,.89053369,.90652186,.65875238,.90459538,.6955747,.49329549,.97727972,.64655358,.89924562,.87408566,.32252657,.91753411,.66578054,.55093014,.92680025,.83707643,.81855339,.51426512,.84042948,.8410455,.65388298,.39946029,.75461382,.61553198,.36425778,1.0688572,.45873117,2006
2009,8,"read","blk",.80838919,.70022327,.63343495,.96014404,.7984935,.75621879,.96335632,.72186989,1.6663513,.70545185,.73093271,.34434113,.19898243,.91045874,.71466923,.73834765,.83920842,.66954756,.73033464,.54737151,.91378582,.87545729,.92275578,.910519,.88845927,.88821036,.46618837,.86082685,.6770975,.62100577,1.0192806,.69380748,.86653405,.83271688,.40054685,.90642381,.59312671,.54172289,.91647613,.83888757,.80296111,.5934881,.8247937,.83081663,.58175808,.42124927,.73149949,.6265713,.28517044,1.0346551,.40221193,2008
2011,8,"read","blk",.79331976,.74307251,.67620248,.89655131,.83667254,.83047271,.92688292,.66963947,1.6632156,.68728054,.70326793,.38816231,.15513168,.898947,.70076096,.72929287,.8286854,.72179955,.72130853,.53525138,.87323731,.86740255,.87863821,.88247293,.88638484,.85781604,.27362436,.81705832,.65862024,.74871606,.97154248,.74106145,.83382255,.77106637,.47856706,.85436177,.5943284,.53251565,.90615195,.81186575,.78736883,.67271113,.75011659,.82058775,.50963318,.44303823,.7376408,.63761061,.2060831,1.0246876,.34569272,2010
2013,8,"read","blk",.77825034,.6560201,.7506839,.762667,.88934004,.93694311,.89040959,.65088302,1.6600801,.67993206,.67560315,.4319835,9999,.8874352,.80756456,.72023803,.81816238,.79609847,.7552135,9999,.75167632,.85934776,.81018686,.85442692,.88431042,.81533897,9999,.7732898,.64014304,9999,.7535404,.78831536,.80111104,.68913412,.55658734,.76134807,.71562314,9999,.89582783,.75601101,.7717765,9999,.58664089,.81035888,9999,.46482718,.78765142,.64864987,.12699577,1.0536203,9999,2012
1998,8,"read","hsp",9999,9999,.82743889,.52763903,.90385222,.93214399,1.1527774,.59671819,1.5381614,.51155537,.85077465,.43984503,9999,9999,9999,9999,9999,9999,9999,9999,.41635144,1.0050527,9999,.79962677,9999,9999,.6495747,9999,.75775957,9999,9999,.73893541,.95552993,.89863974,9999,9999,.70778501,.72073209,9999,.7650919,9999,9999,9999,.79537505,.5301953,9999,.46145022,.71643287,9999,.52952892,.59362954,1997
2002,8,"read","hsp",.9716168,9999,.83978659,.50215161,.84815437,.8645517,1.0639594,.87457079,1.4979287,.5050174,.73540902,.45716086,.76195836,9999,.58283758,9999,.65561587,9999,.20991684,9999,.55302691,.99562389,.29866266,.7816255,9999,.23090748,.57684928,.86940086,.72517949,9999,9999,.70877391,.84088773,.78600246,.49076515,.26885241,.65612882,.70496684,.73902178,.91391677,.45669588,9999,.29172271,.77936345,.74490422,9999,.45941561,.6839186,9999,.69386522,.54881471,2001
2003,8,"read","hsp",.8333624,.59188902,.83517587,.49577975,.83422989,.84765363,1.0417548,.86302376,1.4878706,.48187879,.70656765,.46148983,.75354022,.76629609,.56798059,.67184949,.69518352,.55735892,.22312783,9999,.57578665,.9932667,.48783413,.77712518,.1974314,.32347357,.5586679,.8459304,.71703446,.6422807,.906183,.70123351,.83462715,.75784314,.30334875,.41813514,.64321476,.70102555,.75590557,.93383324,.44875941,.52586055,.36136878,.77536052,.7763412,9999,.45890695,.6807065,9999,.73494929,.53761101,2002
2005,8,"read","hsp",.62054151,.47946963,.81671727,.48303607,.80638099,.83311111,.99734581,.77960473,1.4677542,.42614365,.64888483,.47014776,.73670393,.72776842,.53826654,.63716501,.74478483,.3709079,.24954979,9999,.60761517,.98855227,.63343579,.76812458,.33487394,.45147452,.52230519,.79898947,.70074439,.53780419,.87272137,.68615276,.83523858,.7015245,.08399092,.62895876,.6173867,.69314289,.78967321,.95291853,.43288645,.5135904,.45421094,.76735473,.81252688,9999,.45788965,.68018204,9999,.75991452,.5152036,2004
2007,8,"read","hsp",.49263799,.40289578,.78594238,.47029236,.77853203,.81981695,.95293683,.65088296,1.4476379,.37336659,.59120202,.47880566,.71986765,.68924075,.50855249,.60248053,.75500768,.2509377,.27597174,.16671912,.62118912,.9838379,.57363611,.75912392,.42839399,.50330049,.48594248,.75204855,.68445438,.49854147,.83925974,.67107201,.84026736,.64520586,.07193305,.72279322,.59155858,.68526024,.82344079,.94434017,.4170135,.50132024,.48511979,.75934893,.81312817,-.40156007,.45687234,.6875239,9999,.75219232,.49279615,2006
2009,8,"read","hsp",.44965178,.36216748,.74285132,.45754868,.75068313,.80126888,.90852779,.51901525,1.4275217,.34223002,.53351921,.48746359,.70303136,.65071309,.47883841,.56779599,.72585201,.19744833,.3023937,.29352564,.61650842,.97912353,.43433946,.75012332,.47799152,.47895148,.44957978,.70510763,.66816431,.52449256,.80579811,.65599126,.83400214,.58888721,.26717514,.69963855,.56573045,.67737764,.85720843,.90809828,.40114057,.48905012,.45409536,.75134313,.77814513,-.23468666,.45585504,.70273215,9999,.71178275,.47038874,2008
2011,8,"read","hsp",.49158287,.35728467,.68744403,.44480497,.72283417,.77096438,.86411875,.42615825,1.4074054,.35141626,.4758364,.49612153,.68619508,.61218542,.44912437,.53311151,.65731782,.21043976,.32881567,.42033213,.59357315,.9744091,.34145024,.74112272,.48366654,.37842751,.41321704,.65816671,.65187424,.61565739,.77233648,.64091051,.80073166,.53256857,.66971719,.55949479,.53990239,.66949499,.89097601,.8441928,.38526762,.47678,.36113763,.74333733,.70757765,-.06781323,.45483774,.72580671,9999,.63868582,.44798133,2010
2013,8,"read","hsp",.61843127,.3882474,.61972046,.43206128,.69498521,.72240108,.81970978,.41446882,1.387289,.41960764,.41815358,.50477946,.66935885,.57365775,.41941032,.498427,.54940504,.28991199,.35523763,9999,.55238324,.96969473,.42087281,.73212206,.44541907,.20172855,.37685433,.61122578,.63558424,.77203608,.73887479,.6258297,.7247445,.47624996,9999,.30236188,.51407427,.66161233,.92474365,.75262374,.36939466,.46450984,.20624663,.73533148,.60142577,9999,.45382044,.7567476,9999,.53290153,.42557389,2012
